{"content":[{"id":"16a86009","settings":{"height":"min-height","background_background":"classic","background_image":{"id":"2347","url":"https:\/\/www.darrelmultivendor.com\/wp-content\/uploads\/2021\/10\/man-playing-games-with-vr-goggles-2SWFZT6_2-1.jpg"},"background_position":"center center","background_size":"cover","background_video_fallback":{"url":"","id":""},"background_slideshow_gallery":[],"background_hover_image":{"url":"","id":""},"background_hover_video_fallback":{"url":"","id":""},"background_hover_slideshow_gallery":[],"background_overlay_image":{"url":"","id":""},"background_overlay_video_fallback":{"url":"","id":""},"background_overlay_slideshow_gallery":[],"background_overlay_hover_image":{"url":"","id":""},"background_overlay_hover_video_fallback":{"url":"","id":""},"background_overlay_hover_slideshow_gallery":[]},"elements":[{"id":"3ecf816e","settings":{"_column_size":100,"_inline_size":null,"space_between_widgets":0,"background_image":{"url":"","id":""},"background_video_fallback":{"url":"","id":""},"background_slideshow_gallery":[],"background_hover_image":{"url":"","id":""},"background_hover_video_fallback":{"url":"","id":""},"background_hover_slideshow_gallery":[],"background_overlay_image":{"url":"","id":""},"background_overlay_video_fallback":{"url":"","id":""},"background_overlay_slideshow_gallery":[],"background_overlay_hover_image":{"url":"","id":""},"background_overlay_hover_video_fallback":{"url":"","id":""},"background_overlay_hover_slideshow_gallery":[]},"elements":[{"id":"3b03d383","settings":{"title":"Know Us More","align":"center","_margin":{"unit":"px","top":"0","right":"0","bottom":"16","left":"0","isLinked":false},"__globals__":{"typography_typography":"","title_color":""},"title_color":"#FFFFFF","typography_typography":"custom","typography_font_family":"Inter","typography_font_size":{"unit":"px","size":16,"sizes":[]},"typography_font_weight":"600","typography_line_height":{"unit":"em","size":1.5,"sizes":[]},"_background_image":{"url":"","id":""},"_background_video_fallback":{"url":"","id":""},"_background_slideshow_gallery":[],"_background_hover_image":{"url":"","id":""},"_background_hover_video_fallback":{"url":"","id":""},"_background_hover_slideshow_gallery":[],"_mask_image":{"url":"","id":""}},"elements":[],"isInner":false,"widgetType":"heading","elType":"widget"},{"id":"6e83b4b1","settings":{"title":"About Us","align":"center","__globals__":{"typography_typography":"","title_color":""},"title_color":"#FFFFFF","typography_typography":"custom","typography_font_family":"Inter","typography_font_size":{"unit":"px","size":50,"sizes":[]},"typography_font_weight":"600","_background_image":{"url":"","id":""},"_background_video_fallback":{"url":"","id":""},"_background_slideshow_gallery":[],"_background_hover_image":{"url":"","id":""},"_background_hover_video_fallback":{"url":"","id":""},"_background_hover_slideshow_gallery":[],"_mask_image":{"url":"","id":""}},"elements":[],"isInner":false,"widgetType":"heading","elType":"widget"}],"isInner":false,"elType":"column"}],"isInner":false,"elType":"section"},{"id":"3814b3d4","settings":{"layout":"full_width","gap":"no","margin":{"unit":"px","top":"0","right":0,"bottom":"0","left":0,"isLinked":false},"margin_tablet":{"unit":"px","top":"0","right":0,"bottom":"0","left":0,"isLinked":false},"padding_tablet":{"unit":"px","top":"48","right":"0","bottom":"0","left":"0","isLinked":false},"padding_mobile":{"unit":"px","top":"0","right":"0","bottom":"0","left":"0","isLinked":false},"background_background":"classic","padding":{"unit":"px","top":"0","right":"0","bottom":"0","left":"0","isLinked":false},"overflow":"hidden","background_image":{"url":"","id":""},"background_video_fallback":{"url":"","id":""},"background_slideshow_gallery":[],"background_hover_image":{"url":"","id":""},"background_hover_video_fallback":{"url":"","id":""},"background_hover_slideshow_gallery":[],"background_overlay_image":{"url":"","id":""},"background_overlay_video_fallback":{"url":"","id":""},"background_overlay_slideshow_gallery":[],"background_overlay_hover_image":{"url":"","id":""},"background_overlay_hover_video_fallback":{"url":"","id":""},"background_overlay_hover_slideshow_gallery":[]},"elements":[{"id":"619b48ea","settings":{"_column_size":100,"_inline_size":null,"padding_tablet":{"unit":"px","top":"30","right":"30","bottom":"30","left":"30","isLinked":true},"_inline_size_tablet":100,"padding":{"unit":"px","top":"96","right":"30","bottom":"30","left":"30","isLinked":false},"background_image":{"url":"","id":""},"background_video_fallback":{"url":"","id":""},"background_slideshow_gallery":[],"background_hover_image":{"url":"","id":""},"background_hover_video_fallback":{"url":"","id":""},"background_hover_slideshow_gallery":[],"background_overlay_image":{"url":"","id":""},"background_overlay_video_fallback":{"url":"","id":""},"background_overlay_slideshow_gallery":[],"background_overlay_hover_image":{"url":"","id":""},"background_overlay_hover_video_fallback":{"url":"","id":""},"background_overlay_hover_slideshow_gallery":[]},"elements":[{"id":"30c2f4c9","settings":{"gap":"wider","margin":{"unit":"px","top":"0","right":0,"bottom":"0","left":0,"isLinked":false},"margin_tablet":{"unit":"px","top":"0","right":0,"bottom":"24","left":0,"isLinked":false},"padding_mobile":{"unit":"px","top":"0","right":"0","bottom":"0","left":"0","isLinked":true},"background_image":{"url":"","id":""},"background_video_fallback":{"url":"","id":""},"background_slideshow_gallery":[],"background_hover_image":{"url":"","id":""},"background_hover_video_fallback":{"url":"","id":""},"background_hover_slideshow_gallery":[],"background_overlay_image":{"url":"","id":""},"background_overlay_video_fallback":{"url":"","id":""},"background_overlay_slideshow_gallery":[],"background_overlay_hover_image":{"url":"","id":""},"background_overlay_hover_video_fallback":{"url":"","id":""},"background_overlay_hover_slideshow_gallery":[]},"elements":[{"id":"1158c52f","settings":{"_column_size":100,"_inline_size":null,"margin_tablet":{"unit":"px","top":"0","right":"0","bottom":"0","left":"0","isLinked":false},"padding_tablet":{"unit":"px","top":"0","right":"0","bottom":"0","left":"0","isLinked":false},"padding":{"unit":"px","top":"0","right":"30","bottom":"30","left":"30","isLinked":false},"_inline_size_tablet":100,"background_image":{"url":"","id":""},"background_video_fallback":{"url":"","id":""},"background_slideshow_gallery":[],"background_hover_image":{"url":"","id":""},"background_hover_video_fallback":{"url":"","id":""},"background_hover_slideshow_gallery":[],"background_overlay_image":{"url":"","id":""},"background_overlay_video_fallback":{"url":"","id":""},"background_overlay_slideshow_gallery":[],"background_overlay_hover_image":{"url":"","id":""},"background_overlay_hover_video_fallback":{"url":"","id":""},"background_overlay_hover_slideshow_gallery":[]},"elements":[{"id":"6b4a4c61","settings":{"selected_icon":{"value":"fas fa-circle","library":"fa-solid"},"title_text":"We are Xtronic","description_text":"","position":"right","title_size":"div","icon_space":{"unit":"px","size":3,"sizes":[]},"icon_size":{"unit":"px","size":6,"sizes":[]},"content_vertical_alignment":"middle","title_bottom_space":{"unit":"px","size":10,"sizes":[]},"_element_width":"auto","__globals__":{"primary_color":"","title_typography_typography":"","title_color":""},"_margin":{"unit":"px","top":"0","right":"0","bottom":"0","left":"0","isLinked":false},"primary_color":"#05B895","title_color":"#282828","title_typography_typography":"custom","title_typography_font_family":"Inter","title_typography_font_size":{"unit":"px","size":16,"sizes":[]},"title_typography_font_weight":"800","title_typography_line_height":{"unit":"em","size":1.5,"sizes":[]},"_element_width_mobile":"inherit","_background_image":{"url":"","id":""},"_background_video_fallback":{"url":"","id":""},"_background_slideshow_gallery":[],"_background_hover_image":{"url":"","id":""},"_background_hover_video_fallback":{"url":"","id":""},"_background_hover_slideshow_gallery":[],"_mask_image":{"url":"","id":""}},"elements":[],"isInner":false,"widgetType":"icon-box","elType":"widget"},{"id":"4ec7dda4","settings":{"text":"Divider","gap":{"unit":"px","size":0,"sizes":[]},"__globals__":{"color":""},"color":"#02010100","icon":{"value":"fas fa-star","library":"fa-solid"},"_background_image":{"url":"","id":""},"_background_video_fallback":{"url":"","id":""},"_background_slideshow_gallery":[],"_background_hover_image":{"url":"","id":""},"_background_hover_video_fallback":{"url":"","id":""},"_background_hover_slideshow_gallery":[],"_mask_image":{"url":"","id":""}},"elements":[],"isInner":false,"widgetType":"divider","elType":"widget"},{"id":"5a512da7","settings":{"title":"Your Creative Partner Since 1973","_animation":"fadeInLeft","align_mobile":"center","typography_font_size":{"unit":"px","size":50,"sizes":[]},"_margin":{"unit":"px","top":"0","right":"0","bottom":"0","left":"0","isLinked":false},"_element_width":"initial","_element_custom_width":{"unit":"px","size":800,"sizes":[]},"title_color":"#282828","typography_typography":"custom","typography_font_family":"Inter","typography_font_size_tablet":{"unit":"px","size":38,"sizes":[]},"typography_font_weight":"700","typography_text_transform":"capitalize","typography_line_height":{"unit":"em","size":1.1,"sizes":[]},"__globals__":{"typography_typography":""},"_background_image":{"url":"","id":""},"_background_video_fallback":{"url":"","id":""},"_background_slideshow_gallery":[],"_background_hover_image":{"url":"","id":""},"_background_hover_video_fallback":{"url":"","id":""},"_background_hover_slideshow_gallery":[],"_mask_image":{"url":"","id":""}},"elements":[],"isInner":false,"widgetType":"heading","elType":"widget"}],"isInner":true,"elType":"column"}],"isInner":true,"elType":"section"},{"id":"289c7af1","settings":{"gap":"wider","margin":{"unit":"px","top":"0","right":0,"bottom":"0","left":0,"isLinked":false},"padding":{"unit":"px","top":"0","right":"0","bottom":"0","left":"0","isLinked":false},"margin_tablet":{"unit":"px","top":"0","right":0,"bottom":"0","left":0,"isLinked":false},"padding_tablet":{"unit":"px","top":"0","right":"0","bottom":"0","left":"0","isLinked":false},"padding_mobile":{"unit":"px","top":"0","right":"0","bottom":"0","left":"0","isLinked":true},"structure":"30","background_image":{"url":"","id":""},"background_video_fallback":{"url":"","id":""},"background_slideshow_gallery":[],"background_hover_image":{"url":"","id":""},"background_hover_video_fallback":{"url":"","id":""},"background_hover_slideshow_gallery":[],"background_overlay_image":{"url":"","id":""},"background_overlay_video_fallback":{"url":"","id":""},"background_overlay_slideshow_gallery":[],"background_overlay_hover_image":{"url":"","id":""},"background_overlay_hover_video_fallback":{"url":"","id":""},"background_overlay_hover_slideshow_gallery":[]},"elements":[{"id":"6585badb","settings":{"_column_size":33,"_inline_size_tablet":50,"padding_mobile":{"unit":"px","top":"0","right":"0","bottom":"30","left":"0","isLinked":false},"_inline_size":null,"padding_tablet":{"unit":"px","top":"0","right":"30","bottom":"30","left":"0","isLinked":false},"space_between_widgets":0,"background_image":{"url":"","id":""},"background_video_fallback":{"url":"","id":""},"background_slideshow_gallery":[],"background_hover_image":{"url":"","id":""},"background_hover_video_fallback":{"url":"","id":""},"background_hover_slideshow_gallery":[],"background_overlay_image":{"url":"","id":""},"background_overlay_video_fallback":{"url":"","id":""},"background_overlay_slideshow_gallery":[],"background_overlay_hover_image":{"url":"","id":""},"background_overlay_hover_video_fallback":{"url":"","id":""},"background_overlay_hover_slideshow_gallery":[]},"elements":[{"id":"48f1ab07","settings":{"title":"Business hours","header_size":"h3","_margin":{"unit":"px","top":"0","right":"0","bottom":"16","left":"0","isLinked":""},"align_mobile":"center","__globals__":{"typography_typography":""},"title_color":"#282828","typography_typography":"custom","typography_font_family":"Inter","typography_font_size":{"unit":"px","size":28,"sizes":[]},"typography_font_size_tablet":{"unit":"px","size":21,"sizes":[]},"typography_font_weight":"700","typography_text_transform":"capitalize","typography_line_height":{"unit":"em","size":1.3,"sizes":[]},"_background_image":{"url":"","id":""},"_background_video_fallback":{"url":"","id":""},"_background_slideshow_gallery":[],"_background_hover_image":{"url":"","id":""},"_background_hover_video_fallback":{"url":"","id":""},"_background_hover_slideshow_gallery":[],"_mask_image":{"url":"","id":""}},"elements":[],"isInner":false,"widgetType":"heading","elType":"widget"},{"id":"64508d00","settings":{"editor":"<p>Lorem ipsum dolor sit amet, consectetur adipiscing elit. Ut elit tellus, luctus nec ullamcorper mattis<\/p>","_margin":{"unit":"px","top":"0","right":"0","bottom":"32","left":"0","isLinked":""},"align_mobile":"center","typography_typography":"custom","typography_font_family":"Inter","typography_font_size":{"unit":"px","size":16,"sizes":[]},"typography_font_weight":"400","typography_font_style":"normal","typography_line_height":{"unit":"em","size":1.5,"sizes":[]},"__globals__":{"typography_typography":""},"_background_image":{"url":"","id":""},"_background_video_fallback":{"url":"","id":""},"_background_slideshow_gallery":[],"_background_hover_image":{"url":"","id":""},"_background_hover_video_fallback":{"url":"","id":""},"_background_hover_slideshow_gallery":[],"_mask_image":{"url":"","id":""}},"elements":[],"isInner":false,"widgetType":"text-editor","elType":"widget"},{"id":"283e8d22","settings":{"title":"Monday","header_size":"div","_element_width":"initial","_element_custom_width":{"unit":"%","size":"40","sizes":[]},"__globals__":{"typography_typography":"","title_color":""},"title_color":"#282828","typography_typography":"custom","typography_font_family":"Inter","typography_font_size":{"unit":"px","size":16,"sizes":[]},"typography_font_weight":"600","typography_line_height":{"unit":"em","size":1.5,"sizes":[]},"_background_image":{"url":"","id":""},"_background_video_fallback":{"url":"","id":""},"_background_slideshow_gallery":[],"_background_hover_image":{"url":"","id":""},"_background_hover_video_fallback":{"url":"","id":""},"_background_hover_slideshow_gallery":[],"_mask_image":{"url":"","id":""}},"elements":[],"isInner":false,"widgetType":"heading","elType":"widget"},{"id":"1af4fa36","settings":{"title":"7am \u2013 6pm","header_size":"div","align":"right","_margin":{"unit":"px","top":"3","right":"0","bottom":"0","left":"0","isLinked":""},"_element_width":"initial","_element_custom_width":{"unit":"%","size":"60","sizes":[]},"title_color":"#555555","typography_font_family":"Inter","typography_font_size":{"unit":"px","size":16,"sizes":[]},"typography_font_weight":"400","typography_font_style":"normal","typography_line_height":{"unit":"em","size":1.5,"sizes":[]},"__globals__":{"title_color":"","typography_typography":""},"_background_image":{"url":"","id":""},"_background_video_fallback":{"url":"","id":""},"_background_slideshow_gallery":[],"_background_hover_image":{"url":"","id":""},"_background_hover_video_fallback":{"url":"","id":""},"_background_hover_slideshow_gallery":[],"_mask_image":{"url":"","id":""}},"elements":[],"isInner":false,"widgetType":"heading","elType":"widget"},{"id":"1fc0d368","settings":{"text":"Divider","gap":{"unit":"px","size":"16","sizes":[]},"__globals__":{"color":""},"color":"#D7D7D7","icon":{"value":"fas fa-star","library":"fa-solid"},"_background_image":{"url":"","id":""},"_background_video_fallback":{"url":"","id":""},"_background_slideshow_gallery":[],"_background_hover_image":{"url":"","id":""},"_background_hover_video_fallback":{"url":"","id":""},"_background_hover_slideshow_gallery":[],"_mask_image":{"url":"","id":""}},"elements":[],"isInner":false,"widgetType":"divider","elType":"widget"},{"id":"53c19354","settings":{"title":"Tuesday","header_size":"div","_element_width":"initial","_element_custom_width":{"unit":"%","size":"40","sizes":[]},"__globals__":{"typography_typography":"","title_color":""},"title_color":"#282828","typography_typography":"custom","typography_font_family":"Inter","typography_font_size":{"unit":"px","size":16,"sizes":[]},"typography_font_weight":"600","typography_line_height":{"unit":"em","size":1.5,"sizes":[]},"_background_image":{"url":"","id":""},"_background_video_fallback":{"url":"","id":""},"_background_slideshow_gallery":[],"_background_hover_image":{"url":"","id":""},"_background_hover_video_fallback":{"url":"","id":""},"_background_hover_slideshow_gallery":[],"_mask_image":{"url":"","id":""}},"elements":[],"isInner":false,"widgetType":"heading","elType":"widget"},{"id":"1c11f414","settings":{"title":"7am \u2013 6pm","header_size":"div","align":"right","_margin":{"unit":"px","top":"3","right":"0","bottom":"0","left":"0","isLinked":""},"_element_width":"initial","_element_custom_width":{"unit":"%","size":"60","sizes":[]},"title_color":"#555555","__globals__":{"title_color":""},"_background_image":{"url":"","id":""},"_background_video_fallback":{"url":"","id":""},"_background_slideshow_gallery":[],"_background_hover_image":{"url":"","id":""},"_background_hover_video_fallback":{"url":"","id":""},"_background_hover_slideshow_gallery":[],"_mask_image":{"url":"","id":""}},"elements":[],"isInner":false,"widgetType":"heading","elType":"widget"},{"id":"704f57c5","settings":{"text":"Divider","gap":{"unit":"px","size":"16","sizes":[]},"__globals__":{"color":""},"color":"#D7D7D7","icon":{"value":"fas fa-star","library":"fa-solid"},"_background_image":{"url":"","id":""},"_background_video_fallback":{"url":"","id":""},"_background_slideshow_gallery":[],"_background_hover_image":{"url":"","id":""},"_background_hover_video_fallback":{"url":"","id":""},"_background_hover_slideshow_gallery":[],"_mask_image":{"url":"","id":""}},"elements":[],"isInner":false,"widgetType":"divider","elType":"widget"},{"id":"5d4a6569","settings":{"title":"Wednesday","header_size":"div","_element_width":"initial","_element_custom_width":{"unit":"%","size":"40","sizes":[]},"__globals__":{"typography_typography":"","title_color":""},"title_color":"#282828","typography_typography":"custom","typography_font_family":"Inter","typography_font_size":{"unit":"px","size":16,"sizes":[]},"typography_font_weight":"600","typography_line_height":{"unit":"em","size":1.5,"sizes":[]},"_background_image":{"url":"","id":""},"_background_video_fallback":{"url":"","id":""},"_background_slideshow_gallery":[],"_background_hover_image":{"url":"","id":""},"_background_hover_video_fallback":{"url":"","id":""},"_background_hover_slideshow_gallery":[],"_mask_image":{"url":"","id":""}},"elements":[],"isInner":false,"widgetType":"heading","elType":"widget"},{"id":"2e25c1b","settings":{"title":"7am \u2013 6pm","header_size":"div","align":"right","_margin":{"unit":"px","top":"3","right":"0","bottom":"0","left":"0","isLinked":""},"_element_width":"initial","_element_custom_width":{"unit":"%","size":"60","sizes":[]},"title_color":"#555555","__globals__":{"title_color":""},"_background_image":{"url":"","id":""},"_background_video_fallback":{"url":"","id":""},"_background_slideshow_gallery":[],"_background_hover_image":{"url":"","id":""},"_background_hover_video_fallback":{"url":"","id":""},"_background_hover_slideshow_gallery":[],"_mask_image":{"url":"","id":""}},"elements":[],"isInner":false,"widgetType":"heading","elType":"widget"},{"id":"667d987f","settings":{"text":"Divider","gap":{"unit":"px","size":"16","sizes":[]},"__globals__":{"color":""},"color":"#D7D7D7","icon":{"value":"fas fa-star","library":"fa-solid"},"_background_image":{"url":"","id":""},"_background_video_fallback":{"url":"","id":""},"_background_slideshow_gallery":[],"_background_hover_image":{"url":"","id":""},"_background_hover_video_fallback":{"url":"","id":""},"_background_hover_slideshow_gallery":[],"_mask_image":{"url":"","id":""}},"elements":[],"isInner":false,"widgetType":"divider","elType":"widget"},{"id":"2bdc1d57","settings":{"title":"Thursday","header_size":"div","_element_width":"initial","_element_custom_width":{"unit":"%","size":"40","sizes":[]},"__globals__":{"typography_typography":"","title_color":""},"title_color":"#282828","typography_typography":"custom","typography_font_family":"Inter","typography_font_size":{"unit":"px","size":16,"sizes":[]},"typography_font_weight":"600","typography_line_height":{"unit":"em","size":1.5,"sizes":[]},"_background_image":{"url":"","id":""},"_background_video_fallback":{"url":"","id":""},"_background_slideshow_gallery":[],"_background_hover_image":{"url":"","id":""},"_background_hover_video_fallback":{"url":"","id":""},"_background_hover_slideshow_gallery":[],"_mask_image":{"url":"","id":""}},"elements":[],"isInner":false,"widgetType":"heading","elType":"widget"},{"id":"65539686","settings":{"title":"7am \u2013 6pm","header_size":"div","align":"right","_margin":{"unit":"px","top":"3","right":"0","bottom":"0","left":"0","isLinked":""},"_element_width":"initial","_element_custom_width":{"unit":"%","size":"60","sizes":[]},"title_color":"#555555","__globals__":{"title_color":""},"_background_image":{"url":"","id":""},"_background_video_fallback":{"url":"","id":""},"_background_slideshow_gallery":[],"_background_hover_image":{"url":"","id":""},"_background_hover_video_fallback":{"url":"","id":""},"_background_hover_slideshow_gallery":[],"_mask_image":{"url":"","id":""}},"elements":[],"isInner":false,"widgetType":"heading","elType":"widget"},{"id":"7db30d09","settings":{"text":"Divider","gap":{"unit":"px","size":"16","sizes":[]},"__globals__":{"color":""},"color":"#D7D7D7","icon":{"value":"fas fa-star","library":"fa-solid"},"_background_image":{"url":"","id":""},"_background_video_fallback":{"url":"","id":""},"_background_slideshow_gallery":[],"_background_hover_image":{"url":"","id":""},"_background_hover_video_fallback":{"url":"","id":""},"_background_hover_slideshow_gallery":[],"_mask_image":{"url":"","id":""}},"elements":[],"isInner":false,"widgetType":"divider","elType":"widget"},{"id":"6ab7c6b9","settings":{"title":"Friday","header_size":"div","_element_width":"initial","_element_custom_width":{"unit":"%","size":"40","sizes":[]},"__globals__":{"typography_typography":"","title_color":""},"title_color":"#282828","typography_typography":"custom","typography_font_family":"Inter","typography_font_size":{"unit":"px","size":16,"sizes":[]},"typography_font_weight":"600","typography_line_height":{"unit":"em","size":1.5,"sizes":[]},"_background_image":{"url":"","id":""},"_background_video_fallback":{"url":"","id":""},"_background_slideshow_gallery":[],"_background_hover_image":{"url":"","id":""},"_background_hover_video_fallback":{"url":"","id":""},"_background_hover_slideshow_gallery":[],"_mask_image":{"url":"","id":""}},"elements":[],"isInner":false,"widgetType":"heading","elType":"widget"},{"id":"55fb8514","settings":{"title":"7am \u2013 6pm","header_size":"div","align":"right","_margin":{"unit":"px","top":"3","right":"0","bottom":"0","left":"0","isLinked":""},"_element_width":"initial","_element_custom_width":{"unit":"%","size":"60","sizes":[]},"title_color":"#555555","__globals__":{"title_color":""},"_background_image":{"url":"","id":""},"_background_video_fallback":{"url":"","id":""},"_background_slideshow_gallery":[],"_background_hover_image":{"url":"","id":""},"_background_hover_video_fallback":{"url":"","id":""},"_background_hover_slideshow_gallery":[],"_mask_image":{"url":"","id":""}},"elements":[],"isInner":false,"widgetType":"heading","elType":"widget"},{"id":"6c3dd94e","settings":{"text":"Divider","gap":{"unit":"px","size":"16","sizes":[]},"__globals__":{"color":""},"color":"#D7D7D7","icon":{"value":"fas fa-star","library":"fa-solid"},"_background_image":{"url":"","id":""},"_background_video_fallback":{"url":"","id":""},"_background_slideshow_gallery":[],"_background_hover_image":{"url":"","id":""},"_background_hover_video_fallback":{"url":"","id":""},"_background_hover_slideshow_gallery":[],"_mask_image":{"url":"","id":""}},"elements":[],"isInner":false,"widgetType":"divider","elType":"widget"},{"id":"d0f611a","settings":{"title":"Saturday","header_size":"div","_element_width":"initial","_element_custom_width":{"unit":"%","size":"40","sizes":[]},"__globals__":{"typography_typography":"","title_color":""},"title_color":"#282828","typography_typography":"custom","typography_font_family":"Inter","typography_font_size":{"unit":"px","size":16,"sizes":[]},"typography_font_weight":"600","typography_line_height":{"unit":"em","size":1.5,"sizes":[]},"_background_image":{"url":"","id":""},"_background_video_fallback":{"url":"","id":""},"_background_slideshow_gallery":[],"_background_hover_image":{"url":"","id":""},"_background_hover_video_fallback":{"url":"","id":""},"_background_hover_slideshow_gallery":[],"_mask_image":{"url":"","id":""}},"elements":[],"isInner":false,"widgetType":"heading","elType":"widget"},{"id":"f5f85a8","settings":{"title":"7am \u2013 6pm","header_size":"div","align":"right","_margin":{"unit":"px","top":"3","right":"0","bottom":"0","left":"0","isLinked":""},"_element_width":"initial","_element_custom_width":{"unit":"%","size":"60","sizes":[]},"title_color":"#555555","__globals__":{"title_color":""},"_background_image":{"url":"","id":""},"_background_video_fallback":{"url":"","id":""},"_background_slideshow_gallery":[],"_background_hover_image":{"url":"","id":""},"_background_hover_video_fallback":{"url":"","id":""},"_background_hover_slideshow_gallery":[],"_mask_image":{"url":"","id":""}},"elements":[],"isInner":false,"widgetType":"heading","elType":"widget"},{"id":"9c97a9a","settings":{"text":"Divider","gap":{"unit":"px","size":"16","sizes":[]},"__globals__":{"color":""},"color":"#D7D7D7","icon":{"value":"fas fa-star","library":"fa-solid"},"_background_image":{"url":"","id":""},"_background_video_fallback":{"url":"","id":""},"_background_slideshow_gallery":[],"_background_hover_image":{"url":"","id":""},"_background_hover_video_fallback":{"url":"","id":""},"_background_hover_slideshow_gallery":[],"_mask_image":{"url":"","id":""}},"elements":[],"isInner":false,"widgetType":"divider","elType":"widget"},{"id":"474e47e8","settings":{"title":"Sunday","header_size":"div","_element_width":"initial","_element_custom_width":{"unit":"%","size":"40","sizes":[]},"__globals__":{"typography_typography":"","title_color":""},"title_color":"#282828","typography_typography":"custom","typography_font_family":"Inter","typography_font_size":{"unit":"px","size":16,"sizes":[]},"typography_font_weight":"600","typography_line_height":{"unit":"em","size":1.5,"sizes":[]},"_background_image":{"url":"","id":""},"_background_video_fallback":{"url":"","id":""},"_background_slideshow_gallery":[],"_background_hover_image":{"url":"","id":""},"_background_hover_video_fallback":{"url":"","id":""},"_background_hover_slideshow_gallery":[],"_mask_image":{"url":"","id":""}},"elements":[],"isInner":false,"widgetType":"heading","elType":"widget"},{"id":"20410fba","settings":{"title":"CLOSED","header_size":"div","align":"right","_margin":{"unit":"px","top":"3","right":"0","bottom":"0","left":"0","isLinked":""},"_element_width":"initial","_element_custom_width":{"unit":"%","size":"60","sizes":[]},"__globals__":{"typography_typography":"","title_color":""},"title_color":"#555555","typography_typography":"custom","typography_font_family":"Inter","typography_font_size":{"unit":"px","size":16,"sizes":[]},"typography_font_weight":"800","typography_line_height":{"unit":"em","size":1.5,"sizes":[]},"_background_image":{"url":"","id":""},"_background_video_fallback":{"url":"","id":""},"_background_slideshow_gallery":[],"_background_hover_image":{"url":"","id":""},"_background_hover_video_fallback":{"url":"","id":""},"_background_hover_slideshow_gallery":[],"_mask_image":{"url":"","id":""}},"elements":[],"isInner":false,"widgetType":"heading","elType":"widget"},{"id":"25df2696","settings":{"text":"Divider","gap":{"unit":"px","size":"16","sizes":[]},"__globals__":{"color":""},"color":"#D7D7D7","icon":{"value":"fas fa-star","library":"fa-solid"},"_background_image":{"url":"","id":""},"_background_video_fallback":{"url":"","id":""},"_background_slideshow_gallery":[],"_background_hover_image":{"url":"","id":""},"_background_hover_video_fallback":{"url":"","id":""},"_background_hover_slideshow_gallery":[],"_mask_image":{"url":"","id":""}},"elements":[],"isInner":false,"widgetType":"divider","elType":"widget"}],"isInner":true,"elType":"column"},{"id":"77d85687","settings":{"_column_size":33,"_inline_size":null,"_inline_size_tablet":50,"padding_tablet":{"unit":"px","top":"0","right":"0","bottom":"0","left":"30","isLinked":false},"padding_mobile":{"unit":"px","top":"0","right":"0","bottom":"0","left":"0","isLinked":false},"space_between_widgets":0,"background_image":{"url":"","id":""},"background_video_fallback":{"url":"","id":""},"background_slideshow_gallery":[],"background_hover_image":{"url":"","id":""},"background_hover_video_fallback":{"url":"","id":""},"background_hover_slideshow_gallery":[],"background_overlay_image":{"url":"","id":""},"background_overlay_video_fallback":{"url":"","id":""},"background_overlay_slideshow_gallery":[],"background_overlay_hover_image":{"url":"","id":""},"background_overlay_hover_video_fallback":{"url":"","id":""},"background_overlay_hover_slideshow_gallery":[]},"elements":[{"id":"6d10f7a9","settings":{"selected_icon":{"value":"far fa-envelope","library":"fa-regular"},"title_text":"Easy To Contact Us","description_text":"Adipiscing elit ut elit tellus, luctus nec ullamcorper ","position":"left","title_size":"h5","__globals__":{"primary_color":"","secondary_color":"globals\/colors?id=secondary","title_color":"","description_color":"","title_typography_typography":"","description_typography_typography":""},"icon_space":{"unit":"px","size":24,"sizes":[]},"icon_size":{"unit":"px","size":47,"sizes":[]},"_margin":{"unit":"px","top":"0","right":"0","bottom":"24","left":"0","isLinked":false},"_element_width":"initial","_element_custom_width":{"unit":"px","size":270},"_margin_tablet":{"unit":"px","top":"0","right":"0","bottom":"32","left":"0","isLinked":false},"border_width":{"unit":"px","top":"7","right":"7","bottom":"7","left":"7","isLinked":true},"_element_width_tablet":"inherit","_animation":"fadeInLeft","icon_space_mobile":{"unit":"px","size":0,"sizes":[]},"_margin_mobile":{"unit":"px","top":"0","right":"0","bottom":"48","left":"0","isLinked":false},"primary_color":"#05B895","secondary_color":"#282828","title_color":"#282828","title_typography_typography":"custom","title_typography_font_family":"Inter","title_typography_font_size":{"unit":"px","size":21,"sizes":[]},"title_typography_font_size_tablet":{"unit":"px","size":18,"sizes":[]},"title_typography_font_weight":"700","title_typography_text_transform":"capitalize","title_typography_line_height":{"unit":"em","size":1.4,"sizes":[]},"description_color":"#555555","description_typography_typography":"custom","description_typography_font_family":"Inter","description_typography_font_size":{"unit":"px","size":16,"sizes":[]},"description_typography_font_weight":"400","description_typography_font_style":"normal","description_typography_line_height":{"unit":"em","size":1.5,"sizes":[]},"_background_image":{"url":"","id":""},"_background_video_fallback":{"url":"","id":""},"_background_slideshow_gallery":[],"_background_hover_image":{"url":"","id":""},"_background_hover_video_fallback":{"url":"","id":""},"_background_hover_slideshow_gallery":[],"_mask_image":{"url":"","id":""}},"elements":[],"isInner":false,"widgetType":"icon-box","elType":"widget"},{"id":"104b0000","settings":{"text":"Divider","gap":{"unit":"px","size":0,"sizes":[]},"__globals__":{"color":""},"color":"#02010100","icon":{"value":"fas fa-star","library":"fa-solid"},"_background_image":{"url":"","id":""},"_background_video_fallback":{"url":"","id":""},"_background_slideshow_gallery":[],"_background_hover_image":{"url":"","id":""},"_background_hover_video_fallback":{"url":"","id":""},"_background_hover_slideshow_gallery":[],"_mask_image":{"url":"","id":""}},"elements":[],"isInner":false,"widgetType":"divider","elType":"widget"},{"id":"3f73aaa1","settings":{"selected_icon":{"value":"far fa-user","library":"fa-regular"},"title_text":"Expert Advisor","description_text":"Adipiscing elit ut elit tellus, luctus nec ullamcorper ","position":"left","title_size":"h5","__globals__":{"primary_color":"","secondary_color":"globals\/colors?id=secondary","title_color":"","description_color":"","title_typography_typography":"","description_typography_typography":""},"icon_space":{"unit":"px","size":24,"sizes":[]},"icon_size":{"unit":"px","size":47,"sizes":[]},"_margin":{"unit":"px","top":"0","right":"0","bottom":"24","left":"0","isLinked":false},"_element_width":"initial","_element_custom_width":{"unit":"px","size":270},"_margin_tablet":{"unit":"px","top":"0","right":"0","bottom":"32","left":"0","isLinked":false},"border_width":{"unit":"px","top":"7","right":"7","bottom":"7","left":"7","isLinked":true},"_element_width_tablet":"inherit","_animation":"fadeInLeft","icon_space_mobile":{"unit":"px","size":0,"sizes":[]},"_margin_mobile":{"unit":"px","top":"0","right":"0","bottom":"48","left":"0","isLinked":false},"primary_color":"#05B895","secondary_color":"#282828","title_color":"#282828","title_typography_typography":"custom","title_typography_font_family":"Inter","title_typography_font_size":{"unit":"px","size":21,"sizes":[]},"title_typography_font_size_tablet":{"unit":"px","size":18,"sizes":[]},"title_typography_font_weight":"700","title_typography_text_transform":"capitalize","title_typography_line_height":{"unit":"em","size":1.4,"sizes":[]},"description_color":"#555555","description_typography_typography":"custom","description_typography_font_family":"Inter","description_typography_font_size":{"unit":"px","size":16,"sizes":[]},"description_typography_font_weight":"400","description_typography_font_style":"normal","description_typography_line_height":{"unit":"em","size":1.5,"sizes":[]},"_background_image":{"url":"","id":""},"_background_video_fallback":{"url":"","id":""},"_background_slideshow_gallery":[],"_background_hover_image":{"url":"","id":""},"_background_hover_video_fallback":{"url":"","id":""},"_background_hover_slideshow_gallery":[],"_mask_image":{"url":"","id":""}},"elements":[],"isInner":false,"widgetType":"icon-box","elType":"widget"},{"id":"636029fa","settings":{"text":"Divider","gap":{"unit":"px","size":0,"sizes":[]},"__globals__":{"color":"","primary_color":"globals\/colors?id=b41e63e","secondary_color":"globals\/colors?id=secondary"},"color":"#02010100","icon":{"value":"fas fa-star","library":"fa-solid"},"_background_image":{"url":"","id":""},"_background_video_fallback":{"url":"","id":""},"_background_slideshow_gallery":[],"_background_hover_image":{"url":"","id":""},"_background_hover_video_fallback":{"url":"","id":""},"_background_hover_slideshow_gallery":[],"_mask_image":{"url":"","id":""}},"elements":[],"isInner":false,"widgetType":"divider","elType":"widget"},{"id":"f7fc58d","settings":{"selected_icon":{"value":"far fa-paper-plane","library":"fa-regular"},"title_text":"Well-Known Team","description_text":"Adipiscing elit ut elit tellus, luctus nec ullamcorper ","position":"left","title_size":"h5","__globals__":{"primary_color":"","secondary_color":"globals\/colors?id=secondary","title_color":"","description_color":"","title_typography_typography":"","description_typography_typography":""},"icon_space":{"unit":"px","size":24,"sizes":[]},"icon_size":{"unit":"px","size":47,"sizes":[]},"_margin":{"unit":"px","top":"0","right":"0","bottom":"24","left":"0","isLinked":false},"_element_width":"initial","_element_custom_width":{"unit":"px","size":270},"_margin_tablet":{"unit":"px","top":"0","right":"0","bottom":"32","left":"0","isLinked":false},"border_width":{"unit":"px","top":"7","right":"7","bottom":"7","left":"7","isLinked":true},"_element_width_tablet":"inherit","_animation":"fadeInLeft","icon_space_mobile":{"unit":"px","size":0,"sizes":[]},"_margin_mobile":{"unit":"px","top":"0","right":"0","bottom":"48","left":"0","isLinked":false},"primary_color":"#05B895","secondary_color":"#282828","title_color":"#282828","title_typography_typography":"custom","title_typography_font_family":"Inter","title_typography_font_size":{"unit":"px","size":21,"sizes":[]},"title_typography_font_size_tablet":{"unit":"px","size":18,"sizes":[]},"title_typography_font_weight":"700","title_typography_text_transform":"capitalize","title_typography_line_height":{"unit":"em","size":1.4,"sizes":[]},"description_color":"#555555","description_typography_typography":"custom","description_typography_font_family":"Inter","description_typography_font_size":{"unit":"px","size":16,"sizes":[]},"description_typography_font_weight":"400","description_typography_font_style":"normal","description_typography_line_height":{"unit":"em","size":1.5,"sizes":[]},"_background_image":{"url":"","id":""},"_background_video_fallback":{"url":"","id":""},"_background_slideshow_gallery":[],"_background_hover_image":{"url":"","id":""},"_background_hover_video_fallback":{"url":"","id":""},"_background_hover_slideshow_gallery":[],"_mask_image":{"url":"","id":""}},"elements":[],"isInner":false,"widgetType":"icon-box","elType":"widget"}],"isInner":true,"elType":"column"},{"id":"5340185a","settings":{"_column_size":33,"_inline_size":null,"_inline_size_tablet":50,"padding_tablet":{"unit":"px","top":"0","right":"0","bottom":"0","left":"0","isLinked":false},"background_background":"classic","background_image":{"url":"","id":"","alt":"","source":"library"},"padding":{"unit":"px","top":"0","right":"0","bottom":"0","left":"0","isLinked":true},"background_video_fallback":{"url":"","id":""},"background_slideshow_gallery":[],"background_hover_image":{"url":"","id":""},"background_hover_video_fallback":{"url":"","id":""},"background_hover_slideshow_gallery":[],"background_overlay_image":{"url":"","id":""},"background_overlay_video_fallback":{"url":"","id":""},"background_overlay_slideshow_gallery":[],"background_overlay_hover_image":{"url":"","id":""},"background_overlay_hover_video_fallback":{"url":"","id":""},"background_overlay_hover_slideshow_gallery":[]},"elements":[{"id":"3de7da27","settings":{"space":{"unit":"px","size":650,"sizes":[]},"space_mobile":{"unit":"px","size":263,"sizes":[]},"_margin":{"unit":"%","top":"0","right":"-200","bottom":"0","left":"0","isLinked":false},"_background_background":"classic","_background_image":{"id":"2335","url":"https:\/\/www.darrelmultivendor.com\/wp-content\/uploads\/2021\/10\/Webp.net-compress-image.jpg"},"_margin_mobile":{"unit":"px","top":"0","right":"0","bottom":"0","left":"0","isLinked":false},"_background_position":"center center","_background_repeat":"no-repeat","_background_size":"cover","_element_width_tablet":"inherit","_margin_tablet":{"unit":"%","top":"0","right":"-100","bottom":"0","left":"0","isLinked":false},"_background_video_fallback":{"url":"","id":""},"_background_slideshow_gallery":[],"_background_hover_image":{"url":"","id":""},"_background_hover_video_fallback":{"url":"","id":""},"_background_hover_slideshow_gallery":[],"_mask_image":{"url":"","id":""}},"elements":[],"isInner":false,"widgetType":"spacer","elType":"widget"}],"isInner":true,"elType":"column"}],"isInner":true,"elType":"section"}],"isInner":false,"elType":"column"}],"isInner":false,"elType":"section"},{"id":"3e50ad03","settings":{"padding":{"unit":"px","top":"128","right":"0","bottom":"128","left":"0","isLinked":false},"gap":"wider","padding_tablet":{"unit":"px","top":"48","right":"0","bottom":"0","left":"0","isLinked":false},"padding_mobile":{"unit":"px","top":"0","right":"0","bottom":"0","left":"0","isLinked":false},"background_image":{"url":"","id":""},"background_video_fallback":{"url":"","id":""},"background_slideshow_gallery":[],"background_hover_image":{"url":"","id":""},"background_hover_video_fallback":{"url":"","id":""},"background_hover_slideshow_gallery":[],"background_overlay_image":{"url":"","id":""},"background_overlay_video_fallback":{"url":"","id":""},"background_overlay_slideshow_gallery":[],"background_overlay_hover_image":{"url":"","id":""},"background_overlay_hover_video_fallback":{"url":"","id":""},"background_overlay_hover_slideshow_gallery":[]},"elements":[{"id":"2546c496","settings":{"_column_size":100,"_inline_size":null,"background_image":{"url":"","id":""},"background_video_fallback":{"url":"","id":""},"background_slideshow_gallery":[],"background_hover_image":{"url":"","id":""},"background_hover_video_fallback":{"url":"","id":""},"background_hover_slideshow_gallery":[],"background_overlay_image":{"url":"","id":""},"background_overlay_video_fallback":{"url":"","id":""},"background_overlay_slideshow_gallery":[],"background_overlay_hover_image":{"url":"","id":""},"background_overlay_hover_video_fallback":{"url":"","id":""},"background_overlay_hover_slideshow_gallery":[]},"elements":[{"id":"190b6f2e","settings":{"gap":"no","structure":"20","margin":{"unit":"px","top":"0","right":0,"bottom":"64","left":0,"isLinked":false},"margin_mobile":{"unit":"px","top":"0","right":0,"bottom":"0","left":0,"isLinked":false},"margin_tablet":{"unit":"px","top":"0","right":0,"bottom":"0","left":0,"isLinked":false},"background_image":{"url":"","id":""},"background_video_fallback":{"url":"","id":""},"background_slideshow_gallery":[],"background_hover_image":{"url":"","id":""},"background_hover_video_fallback":{"url":"","id":""},"background_hover_slideshow_gallery":[],"background_overlay_image":{"url":"","id":""},"background_overlay_video_fallback":{"url":"","id":""},"background_overlay_slideshow_gallery":[],"background_overlay_hover_image":{"url":"","id":""},"background_overlay_hover_video_fallback":{"url":"","id":""},"background_overlay_hover_slideshow_gallery":[]},"elements":[{"id":"58c40316","settings":{"_column_size":50,"_inline_size":40,"_inline_size_tablet":100,"align_mobile":"center","background_image":{"url":"","id":""},"background_video_fallback":{"url":"","id":""},"background_slideshow_gallery":[],"background_hover_image":{"url":"","id":""},"background_hover_video_fallback":{"url":"","id":""},"background_hover_slideshow_gallery":[],"background_overlay_image":{"url":"","id":""},"background_overlay_video_fallback":{"url":"","id":""},"background_overlay_slideshow_gallery":[],"background_overlay_hover_image":{"url":"","id":""},"background_overlay_hover_video_fallback":{"url":"","id":""},"background_overlay_hover_slideshow_gallery":[]},"elements":[{"id":"497d7cf2","settings":{"selected_icon":{"value":"fas fa-circle","library":"fa-solid"},"title_text":"Our Partner","description_text":"","position":"right","title_size":"div","icon_space":{"unit":"px","size":3,"sizes":[]},"icon_size":{"unit":"px","size":6,"sizes":[]},"content_vertical_alignment":"middle","title_bottom_space":{"unit":"px","size":10,"sizes":[]},"_element_width":"auto","__globals__":{"primary_color":"","title_typography_typography":"","title_color":""},"_margin":{"unit":"px","top":"0","right":"0","bottom":"0","left":"0","isLinked":false},"primary_color":"#05B895","title_color":"#282828","title_typography_typography":"custom","title_typography_font_family":"Inter","title_typography_font_size":{"unit":"px","size":16,"sizes":[]},"title_typography_font_weight":"800","title_typography_line_height":{"unit":"em","size":1.5,"sizes":[]},"_background_image":{"url":"","id":""},"_background_video_fallback":{"url":"","id":""},"_background_slideshow_gallery":[],"_background_hover_image":{"url":"","id":""},"_background_hover_video_fallback":{"url":"","id":""},"_background_hover_slideshow_gallery":[],"_mask_image":{"url":"","id":""}},"elements":[],"isInner":false,"widgetType":"icon-box","elType":"widget"},{"id":"7fecfd0a","settings":{"title":"Global Partner","_margin":{"unit":"px","top":"0","right":"0","bottom":"0","left":"0","isLinked":false},"_element_width":"initial","_element_custom_width":{"unit":"px","size":800,"sizes":[]},"align_mobile":"center","title_color":"#282828","typography_typography":"custom","typography_font_family":"Inter","typography_font_size":{"unit":"px","size":50,"sizes":[]},"typography_font_size_tablet":{"unit":"px","size":38,"sizes":[]},"typography_font_weight":"700","typography_text_transform":"capitalize","typography_line_height":{"unit":"em","size":1.1,"sizes":[]},"_animation":"fadeInLeft","__globals__":{"typography_typography":""},"_background_image":{"url":"","id":""},"_background_video_fallback":{"url":"","id":""},"_background_slideshow_gallery":[],"_background_hover_image":{"url":"","id":""},"_background_hover_video_fallback":{"url":"","id":""},"_background_hover_slideshow_gallery":[],"_mask_image":{"url":"","id":""}},"elements":[],"isInner":false,"widgetType":"heading","elType":"widget"}],"isInner":true,"elType":"column"},{"id":"797ea0f1","settings":{"_column_size":50,"_inline_size":60,"content_position":"bottom","_inline_size_tablet":100,"background_image":{"url":"","id":""},"background_video_fallback":{"url":"","id":""},"background_slideshow_gallery":[],"background_hover_image":{"url":"","id":""},"background_hover_video_fallback":{"url":"","id":""},"background_hover_slideshow_gallery":[],"background_overlay_image":{"url":"","id":""},"background_overlay_video_fallback":{"url":"","id":""},"background_overlay_slideshow_gallery":[],"background_overlay_hover_image":{"url":"","id":""},"background_overlay_hover_video_fallback":{"url":"","id":""},"background_overlay_hover_slideshow_gallery":[]},"elements":[{"id":"621fbec0","settings":{"text":"Divider","color":"#D7DDF3","icon":{"value":"fas fa-star","library":"fa-solid"},"_background_image":{"url":"","id":""},"_background_video_fallback":{"url":"","id":""},"_background_slideshow_gallery":[],"_background_hover_image":{"url":"","id":""},"_background_hover_video_fallback":{"url":"","id":""},"_background_hover_slideshow_gallery":[],"_mask_image":{"url":"","id":""}},"elements":[],"isInner":false,"widgetType":"divider","elType":"widget"}],"isInner":true,"elType":"column"}],"isInner":true,"elType":"section"},{"id":"406b0303","settings":{"carousel":[{"id":2378,"url":"https:\/\/www.darrelmultivendor.com\/wp-content\/uploads\/2021\/10\/Asset-2-1.png"},{"id":2379,"url":"https:\/\/www.darrelmultivendor.com\/wp-content\/uploads\/2021\/10\/Asset-3-1.png"},{"id":2380,"url":"https:\/\/www.darrelmultivendor.com\/wp-content\/uploads\/2021\/10\/Asset-4-1.png"},{"id":2381,"url":"https:\/\/www.darrelmultivendor.com\/wp-content\/uploads\/2021\/10\/Asset-5-1.png"},{"id":2382,"url":"https:\/\/www.darrelmultivendor.com\/wp-content\/uploads\/2021\/10\/Asset-10-1.png"},{"id":2383,"url":"https:\/\/www.darrelmultivendor.com\/wp-content\/uploads\/2021\/10\/Asset-6-1.png"},{"id":2384,"url":"https:\/\/www.darrelmultivendor.com\/wp-content\/uploads\/2021\/10\/Asset-8-1.png"},{"id":2385,"url":"https:\/\/www.darrelmultivendor.com\/wp-content\/uploads\/2021\/10\/Asset-11-1.png"},{"id":2386,"url":"https:\/\/www.darrelmultivendor.com\/wp-content\/uploads\/2021\/10\/Asset-13-1.png"}],"thumbnail_size":"medium_large","slides_to_show":"6","navigation":"none","gallery_vertical_align":"center","image_spacing":"custom","image_spacing_custom":{"unit":"px","size":64,"sizes":[]},"image_border_width":{"unit":"px","top":"10","right":"10","bottom":"10","left":"10","isLinked":true},"image_border_color":"#FFFFFF","slides_to_show_tablet":"4","slides_to_show_mobile":"2","_padding_tablet":{"unit":"px","top":"0","right":"0","bottom":"0","left":"0","isLinked":false},"_background_image":{"url":"","id":""},"_background_video_fallback":{"url":"","id":""},"_background_slideshow_gallery":[],"_background_hover_image":{"url":"","id":""},"_background_hover_video_fallback":{"url":"","id":""},"_background_hover_slideshow_gallery":[],"_mask_image":{"url":"","id":""}},"elements":[],"isInner":false,"widgetType":"image-carousel","elType":"widget"}],"isInner":false,"elType":"column"}],"isInner":false,"elType":"section"},{"id":"6b7169ee","settings":{"gap":"no","padding":{"unit":"px","top":"0","right":"0","bottom":"96","left":"0","isLinked":false},"padding_tablet":{"unit":"px","top":"48","right":"0","bottom":"48","left":"0","isLinked":false},"_ob_glider_nav_pos_y_alt":"50% - 25px","_ob_glider_nav_pos_x_prev_alt":"0%","_ob_glider_nav_pos_x_next_alt":"0%","background_image":{"url":"","id":""},"background_video_fallback":{"url":"","id":""},"background_slideshow_gallery":[],"background_hover_image":{"url":"","id":""},"background_hover_video_fallback":{"url":"","id":""},"background_hover_slideshow_gallery":[],"background_overlay_image":{"url":"","id":""},"background_overlay_video_fallback":{"url":"","id":""},"background_overlay_slideshow_gallery":[],"background_overlay_hover_image":{"url":"","id":""},"background_overlay_hover_video_fallback":{"url":"","id":""},"background_overlay_hover_slideshow_gallery":[]},"elements":[{"id":"3eec5078","settings":{"_column_size":100,"_inline_size":null,"content_position":"center","background_image":{"url":"","id":""},"background_video_fallback":{"url":"","id":""},"background_slideshow_gallery":[],"background_hover_image":{"url":"","id":""},"background_hover_video_fallback":{"url":"","id":""},"background_hover_slideshow_gallery":[],"background_overlay_image":{"url":"","id":""},"background_overlay_video_fallback":{"url":"","id":""},"background_overlay_slideshow_gallery":[],"background_overlay_hover_image":{"url":"","id":""},"background_overlay_hover_video_fallback":{"url":"","id":""},"background_overlay_hover_slideshow_gallery":[]},"elements":[{"id":"4fc4cecc","settings":{"gap":"wider","structure":"30","margin":{"unit":"px","top":"0","right":0,"bottom":"0","left":0,"isLinked":false},"_ob_bbad_inner_width":"100%","_ob_glider_nav_pos_y_alt":"50% - 25px","_ob_glider_nav_pos_x_prev_alt":"0%","_ob_glider_nav_pos_x_next_alt":"0%","background_image":{"url":"","id":""},"background_video_fallback":{"url":"","id":""},"background_slideshow_gallery":[],"background_hover_image":{"url":"","id":""},"background_hover_video_fallback":{"url":"","id":""},"background_hover_slideshow_gallery":[],"background_overlay_image":{"url":"","id":""},"background_overlay_video_fallback":{"url":"","id":""},"background_overlay_slideshow_gallery":[],"background_overlay_hover_image":{"url":"","id":""},"background_overlay_hover_video_fallback":{"url":"","id":""},"background_overlay_hover_slideshow_gallery":[]},"elements":[{"id":"fd7faa7","settings":{"_column_size":33,"_inline_size":37.037,"background_background":"classic","background_image":{"id":"2347","url":"https:\/\/www.darrelmultivendor.com\/wp-content\/uploads\/2021\/10\/man-playing-games-with-vr-goggles-2SWFZT6_2-1.jpg"},"background_position":"center center","background_size":"cover","_inline_size_tablet":100,"background_video_fallback":{"url":"","id":""},"background_slideshow_gallery":[],"background_hover_image":{"url":"","id":""},"background_hover_video_fallback":{"url":"","id":""},"background_hover_slideshow_gallery":[],"background_overlay_image":{"url":"","id":""},"background_overlay_video_fallback":{"url":"","id":""},"background_overlay_slideshow_gallery":[],"background_overlay_hover_image":{"url":"","id":""},"background_overlay_hover_video_fallback":{"url":"","id":""},"background_overlay_hover_slideshow_gallery":[]},"elements":[{"id":"332fe36d","settings":{"space":{"unit":"vh","size":40,"sizes":[]},"_background_image":{"url":"","id":""},"_background_video_fallback":{"url":"","id":""},"_background_slideshow_gallery":[],"_background_hover_image":{"url":"","id":""},"_background_hover_video_fallback":{"url":"","id":""},"_background_hover_slideshow_gallery":[],"_mask_image":{"url":"","id":""}},"elements":[],"isInner":false,"widgetType":"spacer","elType":"widget"}],"isInner":true,"elType":"column"},{"id":"2c0c0f93","settings":{"_column_size":33,"_inline_size":2.094,"background_image":{"url":"","id":""},"background_video_fallback":{"url":"","id":""},"background_slideshow_gallery":[],"background_hover_image":{"url":"","id":""},"background_hover_video_fallback":{"url":"","id":""},"background_hover_slideshow_gallery":[],"background_overlay_image":{"url":"","id":""},"background_overlay_video_fallback":{"url":"","id":""},"background_overlay_slideshow_gallery":[],"background_overlay_hover_image":{"url":"","id":""},"background_overlay_hover_video_fallback":{"url":"","id":""},"background_overlay_hover_slideshow_gallery":[]},"elements":[],"isInner":true,"elType":"column"},{"id":"2b22c4a0","settings":{"_column_size":33,"_inline_size":60.127,"content_position":"center","background_background":"classic","background_image":{"id":2387,"url":"https:\/\/www.darrelmultivendor.com\/wp-content\/uploads\/2021\/10\/vertical-line-by-rio.png"},"background_position":"initial","background_xpos":{"unit":"%","size":32.7,"sizes":[]},"background_repeat":"repeat-y","background_size":"initial","background_bg_width":{"unit":"px","size":1,"sizes":[]},"padding_mobile":{"unit":"px","top":"48","right":"0","bottom":"0","left":"0","isLinked":false},"padding":{"unit":"px","top":"0","right":"0","bottom":"0","left":"30","isLinked":false},"_inline_size_tablet":100,"background_size_mobile":"initial","background_bg_width_mobile":{"unit":"px","size":0,"sizes":[]},"margin_tablet":{"unit":"px","top":"0","right":"0","bottom":"024","left":"0","isLinked":false},"background_video_fallback":{"url":"","id":""},"background_slideshow_gallery":[],"background_hover_image":{"url":"","id":""},"background_hover_video_fallback":{"url":"","id":""},"background_hover_slideshow_gallery":[],"background_overlay_image":{"url":"","id":""},"background_overlay_video_fallback":{"url":"","id":""},"background_overlay_slideshow_gallery":[],"background_overlay_hover_image":{"url":"","id":""},"background_overlay_hover_video_fallback":{"url":"","id":""},"background_overlay_hover_slideshow_gallery":[]},"elements":[{"id":"5779b114","settings":{"selected_icon":{"value":"","library":""},"title_text":"Starting Point","description_text":"07 June 2013","title_size":"div","text_align":"right","text_align_mobile":"center","__globals__":{"title_color":"","title_typography_typography":"","description_typography_typography":"","description_color":""},"_element_width":"initial","_element_custom_width":{"unit":"%","size":20,"sizes":[]},"title_color":"#282828","description_color":"#999999","_element_width_mobile":"initial","_element_custom_width_mobile":{"unit":"%","size":100,"sizes":[]},"_margin_mobile":{"unit":"px","top":"0","right":"0","bottom":"16","left":"0","isLinked":false},"title_typography_typography":"custom","title_typography_font_family":"Inter","title_typography_font_size":{"unit":"px","size":16,"sizes":[]},"title_typography_font_weight":"700","title_typography_text_transform":"capitalize","title_typography_font_style":"normal","title_typography_line_height":{"unit":"em","size":1.5,"sizes":[]},"description_typography_typography":"custom","description_typography_font_family":"Inter","description_typography_font_size":{"unit":"px","size":13,"sizes":[]},"description_typography_font_weight":"400","description_typography_font_style":"normal","description_typography_line_height":{"unit":"em","size":1.5,"sizes":[]},"_background_image":{"url":"","id":""},"_background_video_fallback":{"url":"","id":""},"_background_slideshow_gallery":[],"_background_hover_image":{"url":"","id":""},"_background_hover_video_fallback":{"url":"","id":""},"_background_hover_slideshow_gallery":[],"_mask_image":{"url":"","id":""}},"elements":[],"isInner":false,"widgetType":"icon-box","elType":"widget"},{"id":"bec07a0","settings":{"selected_icon":{"value":"far fa-gem","library":"fa-regular"},"size":{"unit":"px","size":28,"sizes":[]},"_element_width":"initial","_element_custom_width":{"unit":"%","size":20,"sizes":[]},"__globals__":{"primary_color":"","secondary_color":""},"view":"stacked","icon_padding":{"unit":"px","size":16,"sizes":[]},"_element_width_mobile":"initial","_element_custom_width_mobile":{"unit":"%","size":100,"sizes":[]},"primary_color":"#05B895","secondary_color":"#FFFFFF","_background_image":{"url":"","id":""},"_background_video_fallback":{"url":"","id":""},"_background_slideshow_gallery":[],"_background_hover_image":{"url":"","id":""},"_background_hover_video_fallback":{"url":"","id":""},"_background_hover_slideshow_gallery":[],"_mask_image":{"url":"","id":""}},"elements":[],"isInner":false,"widgetType":"icon","elType":"widget"},{"id":"24ca54e1","settings":{"selected_icon":{"value":"","library":""},"view":"stacked","title_text":"We are founded","description_text":"Etiam porta sem malesuada magna mollis euismod Curabitur blandit tempus porttitor","title_size":"h5","icon_space":{"unit":"px","size":24,"sizes":[]},"icon_size":{"unit":"px","size":34,"sizes":[]},"title_bottom_space":{"unit":"px","size":4,"sizes":[]},"_margin":{"unit":"%","top":"0","right":"0","bottom":"0","left":"0","isLinked":false},"_padding":{"unit":"px","top":"32","right":"32","bottom":"32","left":"32","isLinked":true},"_background_background":"classic","_background_hover_background":"classic","_border_width":{"unit":"px","top":"1","right":"1","bottom":"1","left":"1","isLinked":true},"_border_radius":{"unit":"px","top":"4","right":"4","bottom":"4","left":"4","isLinked":true},"__globals__":{"primary_color":"globals\/colors?id=primary","_border_color":"globals\/colors?id=4ade329","_background_color":"","_background_hover_color":"globals\/colors?id=d3ae19d","description_typography_typography":"","title_color":"","title_typography_typography":""},"hover_animation":"float","_element_width":"initial","_element_custom_width":{"unit":"%","size":60,"sizes":[]},"text_align":"left","text_align_mobile":"center","_element_width_mobile":"initial","_element_custom_width_mobile":{"unit":"%","size":100,"sizes":[]},"_margin_mobile":{"unit":"px","top":"0","right":"0","bottom":"48","left":"0","isLinked":false},"_padding_mobile":{"unit":"px","top":"16","right":"30","bottom":"16","left":"30","isLinked":false},"sina_transform_effects":"translate","sina_transform_effects_translateX_hover":{"unit":"px","size":-10,"sizes":[]},"sina_transform_effects_translateY_hover":{"unit":"px","size":0,"sizes":[]},"primary_color":"#05B895","title_color":"#282828","title_typography_typography":"custom","title_typography_font_family":"Inter","title_typography_font_size":{"unit":"px","size":21,"sizes":[]},"title_typography_font_size_tablet":{"unit":"px","size":18,"sizes":[]},"title_typography_font_weight":"700","title_typography_text_transform":"capitalize","title_typography_line_height":{"unit":"em","size":1.4,"sizes":[]},"description_color":"#282828","description_typography_typography":"custom","description_typography_font_family":"Inter","description_typography_font_size":{"unit":"px","size":16,"sizes":[]},"description_typography_font_weight":"400","description_typography_font_style":"normal","description_typography_line_height":{"unit":"em","size":1.5,"sizes":[]},"_background_color":"#F5F8F9","_background_hover_color":"#F5F8F9","_border_color":"#EDEDED","_background_image":{"url":"","id":""},"_background_video_fallback":{"url":"","id":""},"_background_slideshow_gallery":[],"_background_hover_image":{"url":"","id":""},"_background_hover_video_fallback":{"url":"","id":""},"_background_hover_slideshow_gallery":[],"_mask_image":{"url":"","id":""}},"elements":[],"isInner":false,"widgetType":"icon-box","elType":"widget"},{"id":"31582245","settings":{"text":"Divider","gap":{"unit":"px","size":8,"sizes":[]},"__globals__":{"color":""},"color":"#02010100","icon":{"value":"fas fa-star","library":"fa-solid"},"_background_image":{"url":"","id":""},"_background_video_fallback":{"url":"","id":""},"_background_slideshow_gallery":[],"_background_hover_image":{"url":"","id":""},"_background_hover_video_fallback":{"url":"","id":""},"_background_hover_slideshow_gallery":[],"_mask_image":{"url":"","id":""}},"elements":[],"isInner":false,"widgetType":"divider","elType":"widget"},{"id":"40d289f8","settings":{"selected_icon":{"value":"","library":""},"title_text":"Expantion","description_text":"27 May 2016","title_size":"div","text_align":"right","text_align_mobile":"center","__globals__":{"title_color":"","title_typography_typography":"","description_typography_typography":"","description_color":""},"_element_width":"initial","_element_custom_width":{"unit":"%","size":20,"sizes":[]},"title_color":"#282828","description_color":"#999999","_element_width_mobile":"initial","_element_custom_width_mobile":{"unit":"%","size":100,"sizes":[]},"_margin_mobile":{"unit":"px","top":"0","right":"0","bottom":"16","left":"0","isLinked":false},"title_typography_typography":"custom","title_typography_font_family":"Inter","title_typography_font_size":{"unit":"px","size":16,"sizes":[]},"title_typography_font_weight":"700","title_typography_text_transform":"capitalize","title_typography_font_style":"normal","title_typography_line_height":{"unit":"em","size":1.5,"sizes":[]},"description_typography_typography":"custom","description_typography_font_family":"Inter","description_typography_font_size":{"unit":"px","size":13,"sizes":[]},"description_typography_font_weight":"400","description_typography_font_style":"normal","description_typography_line_height":{"unit":"em","size":1.5,"sizes":[]},"_background_image":{"url":"","id":""},"_background_video_fallback":{"url":"","id":""},"_background_slideshow_gallery":[],"_background_hover_image":{"url":"","id":""},"_background_hover_video_fallback":{"url":"","id":""},"_background_hover_slideshow_gallery":[],"_mask_image":{"url":"","id":""}},"elements":[],"isInner":false,"widgetType":"icon-box","elType":"widget"},{"id":"332e40c5","settings":{"selected_icon":{"value":"far fa-map","library":"fa-regular"},"size":{"unit":"px","size":28,"sizes":[]},"_element_width":"initial","_element_custom_width":{"unit":"%","size":20,"sizes":[]},"__globals__":{"primary_color":"","secondary_color":""},"view":"stacked","icon_padding":{"unit":"px","size":16,"sizes":[]},"_element_width_mobile":"initial","_element_custom_width_mobile":{"unit":"%","size":100,"sizes":[]},"primary_color":"#05B895","secondary_color":"#FFFFFF","_background_image":{"url":"","id":""},"_background_video_fallback":{"url":"","id":""},"_background_slideshow_gallery":[],"_background_hover_image":{"url":"","id":""},"_background_hover_video_fallback":{"url":"","id":""},"_background_hover_slideshow_gallery":[],"_mask_image":{"url":"","id":""}},"elements":[],"isInner":false,"widgetType":"icon","elType":"widget"},{"id":"1e875c67","settings":{"selected_icon":{"value":"","library":""},"view":"stacked","title_text":"Expanding reach to Asia","description_text":"Etiam porta sem malesuada magna mollis euismod Curabitur blandit tempus porttitor","title_size":"h5","icon_space":{"unit":"px","size":24,"sizes":[]},"icon_size":{"unit":"px","size":34,"sizes":[]},"title_bottom_space":{"unit":"px","size":4,"sizes":[]},"_margin":{"unit":"%","top":"0","right":"0","bottom":"0","left":"0","isLinked":false},"_padding":{"unit":"px","top":"32","right":"32","bottom":"32","left":"32","isLinked":true},"_background_background":"classic","_background_hover_background":"classic","_border_width":{"unit":"px","top":"1","right":"1","bottom":"1","left":"1","isLinked":true},"_border_radius":{"unit":"px","top":"4","right":"4","bottom":"4","left":"4","isLinked":true},"__globals__":{"primary_color":"globals\/colors?id=primary","_border_color":"globals\/colors?id=4ade329","_background_color":"","_background_hover_color":"","description_typography_typography":"","title_typography_typography":""},"hover_animation":"float","_element_width":"initial","_element_custom_width":{"unit":"%","size":60,"sizes":[]},"text_align":"left","text_align_mobile":"center","_element_width_mobile":"initial","_element_custom_width_mobile":{"unit":"%","size":100,"sizes":[]},"_margin_mobile":{"unit":"px","top":"0","right":"0","bottom":"48","left":"0","isLinked":false},"_padding_mobile":{"unit":"px","top":"8","right":"30","bottom":"16","left":"30","isLinked":false},"sina_transform_effects":"translate","sina_transform_effects_translateX_hover":{"unit":"px","size":-10,"sizes":[]},"sina_transform_effects_translateY_hover":{"unit":"px","size":"","sizes":[]},"primary_color":"#05B895","title_color":"#282828","title_typography_typography":"custom","title_typography_font_family":"Inter","title_typography_font_size":{"unit":"px","size":21,"sizes":[]},"title_typography_font_size_tablet":{"unit":"px","size":18,"sizes":[]},"title_typography_font_weight":"700","title_typography_text_transform":"capitalize","title_typography_line_height":{"unit":"em","size":1.4,"sizes":[]},"description_color":"#282828","description_typography_typography":"custom","description_typography_font_family":"Inter","description_typography_font_size":{"unit":"px","size":16,"sizes":[]},"description_typography_font_weight":"400","description_typography_font_style":"normal","description_typography_line_height":{"unit":"em","size":1.5,"sizes":[]},"_background_color":"#FFFFFF","_background_hover_color":"#F5F8F9","_border_color":"#EDEDED","_background_image":{"url":"","id":""},"_background_video_fallback":{"url":"","id":""},"_background_slideshow_gallery":[],"_background_hover_image":{"url":"","id":""},"_background_hover_video_fallback":{"url":"","id":""},"_background_hover_slideshow_gallery":[],"_mask_image":{"url":"","id":""}},"elements":[],"isInner":false,"widgetType":"icon-box","elType":"widget"},{"id":"1fd73d4f","settings":{"text":"Divider","gap":{"unit":"px","size":8,"sizes":[]},"__globals__":{"color":""},"color":"#02010100","icon":{"value":"fas fa-star","library":"fa-solid"},"_background_image":{"url":"","id":""},"_background_video_fallback":{"url":"","id":""},"_background_slideshow_gallery":[],"_background_hover_image":{"url":"","id":""},"_background_hover_video_fallback":{"url":"","id":""},"_background_hover_slideshow_gallery":[],"_mask_image":{"url":"","id":""}},"elements":[],"isInner":false,"widgetType":"divider","elType":"widget"},{"id":"14c86033","settings":{"selected_icon":{"value":"","library":""},"title_text":"first peak","description_text":"1 April 2020","title_size":"div","text_align":"right","text_align_mobile":"center","__globals__":{"title_color":"","title_typography_typography":"","description_typography_typography":"","description_color":""},"_element_width":"initial","_element_custom_width":{"unit":"%","size":20,"sizes":[]},"title_color":"#282828","description_color":"#999999","_element_width_mobile":"initial","_element_custom_width_mobile":{"unit":"%","size":100,"sizes":[]},"_margin_mobile":{"unit":"px","top":"0","right":"0","bottom":"16","left":"0","isLinked":false},"title_typography_typography":"custom","title_typography_font_family":"Inter","title_typography_font_size":{"unit":"px","size":16,"sizes":[]},"title_typography_font_weight":"700","title_typography_text_transform":"capitalize","title_typography_font_style":"normal","title_typography_line_height":{"unit":"em","size":1.5,"sizes":[]},"description_typography_typography":"custom","description_typography_font_family":"Inter","description_typography_font_size":{"unit":"px","size":13,"sizes":[]},"description_typography_font_weight":"400","description_typography_font_style":"normal","description_typography_line_height":{"unit":"em","size":1.5,"sizes":[]},"_background_image":{"url":"","id":""},"_background_video_fallback":{"url":"","id":""},"_background_slideshow_gallery":[],"_background_hover_image":{"url":"","id":""},"_background_hover_video_fallback":{"url":"","id":""},"_background_hover_slideshow_gallery":[],"_mask_image":{"url":"","id":""}},"elements":[],"isInner":false,"widgetType":"icon-box","elType":"widget"},{"id":"634dacec","settings":{"selected_icon":{"value":"far fa-flag","library":"fa-regular"},"size":{"unit":"px","size":28,"sizes":[]},"_element_width":"initial","_element_custom_width":{"unit":"%","size":20,"sizes":[]},"__globals__":{"primary_color":"","secondary_color":""},"view":"stacked","icon_padding":{"unit":"px","size":16,"sizes":[]},"_element_width_mobile":"initial","_element_custom_width_mobile":{"unit":"%","size":100,"sizes":[]},"primary_color":"#05B895","secondary_color":"#FFFFFF","_background_image":{"url":"","id":""},"_background_video_fallback":{"url":"","id":""},"_background_slideshow_gallery":[],"_background_hover_image":{"url":"","id":""},"_background_hover_video_fallback":{"url":"","id":""},"_background_hover_slideshow_gallery":[],"_mask_image":{"url":"","id":""}},"elements":[],"isInner":false,"widgetType":"icon","elType":"widget"},{"id":"608a43c0","settings":{"selected_icon":{"value":"","library":""},"view":"stacked","title_text":"Being A Global Company","description_text":"Etiam porta sem malesuada magna mollis euismod Curabitur blandit tempus porttitor","title_size":"h5","icon_space":{"unit":"px","size":24,"sizes":[]},"icon_size":{"unit":"px","size":34,"sizes":[]},"title_bottom_space":{"unit":"px","size":4,"sizes":[]},"_margin":{"unit":"%","top":"0","right":"0","bottom":"0","left":"0","isLinked":false},"_padding":{"unit":"px","top":"32","right":"32","bottom":"32","left":"32","isLinked":true},"_background_background":"classic","_background_hover_background":"classic","_border_width":{"unit":"px","top":"1","right":"1","bottom":"1","left":"1","isLinked":true},"_border_radius":{"unit":"px","top":"4","right":"4","bottom":"4","left":"4","isLinked":true},"__globals__":{"primary_color":"globals\/colors?id=primary","_border_color":"globals\/colors?id=4ade329","_background_color":"","_background_hover_color":"","description_typography_typography":"","title_typography_typography":""},"hover_animation":"float","_element_width":"initial","_element_custom_width":{"unit":"%","size":60,"sizes":[]},"text_align":"left","text_align_mobile":"center","_element_width_mobile":"initial","_element_custom_width_mobile":{"unit":"%","size":100,"sizes":[]},"_margin_mobile":{"unit":"px","top":"0","right":"0","bottom":"24","left":"0","isLinked":false},"_padding_mobile":{"unit":"px","top":"8","right":"30","bottom":"0","left":"30","isLinked":false},"sina_transform_effects":"translate","sina_transform_effects_translateX_hover":{"unit":"px","size":-10,"sizes":[]},"sina_transform_effects_translateY_hover":{"unit":"px","size":"","sizes":[]},"primary_color":"#05B895","title_color":"#282828","title_typography_typography":"custom","title_typography_font_family":"Inter","title_typography_font_size":{"unit":"px","size":21,"sizes":[]},"title_typography_font_size_tablet":{"unit":"px","size":18,"sizes":[]},"title_typography_font_weight":"700","title_typography_text_transform":"capitalize","title_typography_line_height":{"unit":"em","size":1.4,"sizes":[]},"description_color":"#282828","description_typography_typography":"custom","description_typography_font_family":"Inter","description_typography_font_size":{"unit":"px","size":16,"sizes":[]},"description_typography_font_weight":"400","description_typography_font_style":"normal","description_typography_line_height":{"unit":"em","size":1.5,"sizes":[]},"_background_color":"#FFFFFF","_background_hover_color":"#F5F8F9","_border_color":"#EDEDED","_background_image":{"url":"","id":""},"_background_video_fallback":{"url":"","id":""},"_background_slideshow_gallery":[],"_background_hover_image":{"url":"","id":""},"_background_hover_video_fallback":{"url":"","id":""},"_background_hover_slideshow_gallery":[],"_mask_image":{"url":"","id":""}},"elements":[],"isInner":false,"widgetType":"icon-box","elType":"widget"}],"isInner":true,"elType":"column"}],"isInner":true,"elType":"section"}],"isInner":false,"elType":"column"}],"isInner":false,"elType":"section"},{"id":"557f8c94","settings":{"gap":"wider","height":"min-height","background_background":"classic","background_position":"center right","background_size":"initial","background_overlay_color":"#000000","padding":{"unit":"px","top":"96","right":"0","bottom":"96","left":"0","isLinked":""},"padding_tablet":{"unit":"px","top":"48","right":"0","bottom":"48","left":"0","isLinked":""},"background_motion_fx_translateY_effect":"yes","background_motion_fx_translateY_speed":{"unit":"px","size":"9","sizes":[]},"__globals__":{"background_color":""},"z_index":"3","layout":"full_width","background_repeat":"no-repeat","background_bg_width":{"unit":"vw","size":"50","sizes":[]},"background_overlay_background":"classic","background_overlay_image":{"id":2388,"url":"https:\/\/www.darrelmultivendor.com\/wp-content\/uploads\/2021\/10\/Headphones-Orange.H03.2k-1.jpg"},"background_overlay_position":"initial","background_overlay_xpos":{"unit":"%","size":"50","sizes":[]},"background_overlay_ypos":{"unit":"%","size":"71","sizes":[]},"background_overlay_size":"cover","background_overlay_opacity":{"unit":"px","size":"0.48","sizes":[]},"overlay_blend_mode":"multiply","_ob_glider_nav_pos_y_alt":"50% - 25px","_ob_glider_nav_pos_x_prev_alt":"0%","_ob_glider_nav_pos_x_next_alt":"0%","background_image":{"url":"","id":"","alt":"","source":"library"},"background_color":"#282828","background_video_fallback":{"url":"","id":""},"background_slideshow_gallery":[],"background_hover_image":{"url":"","id":""},"background_hover_video_fallback":{"url":"","id":""},"background_hover_slideshow_gallery":[],"background_overlay_video_fallback":{"url":"","id":""},"background_overlay_slideshow_gallery":[],"background_overlay_hover_image":{"url":"","id":""},"background_overlay_hover_video_fallback":{"url":"","id":""},"background_overlay_hover_slideshow_gallery":[]},"elements":[{"id":"141e7019","settings":{"_column_size":"100","align_mobile":"center","_inline_size_tablet":"100","padding":{"unit":"px","top":"0","right":"0","bottom":"0","left":"0","isLinked":""},"padding_tablet":{"unit":"px","top":"0","right":"0","bottom":"0","left":"30","isLinked":""},"padding_mobile":{"unit":"px","top":"0","right":"0","bottom":"0","left":"0","isLinked":""},"background_image":{"url":"","id":""},"background_video_fallback":{"url":"","id":""},"background_slideshow_gallery":[],"background_hover_image":{"url":"","id":""},"background_hover_video_fallback":{"url":"","id":""},"background_hover_slideshow_gallery":[],"background_overlay_image":{"url":"","id":""},"background_overlay_video_fallback":{"url":"","id":""},"background_overlay_slideshow_gallery":[],"background_overlay_hover_image":{"url":"","id":""},"background_overlay_hover_video_fallback":{"url":"","id":""},"background_overlay_hover_slideshow_gallery":[]},"elements":[{"id":"7a9e83e8","settings":{"image":{"id":"2331","url":"https:\/\/www.darrelmultivendor.com\/wp-content\/uploads\/2021\/10\/Headphones-Orange.H03.2k-green-1.png"},"image_size":"full","_element_width":"initial","_element_custom_width":{"unit":"vw","size":"46","sizes":[]},"_position":"absolute","_offset_orientation_h":"end","_offset_x":{"size":"54.708","unit":"%"},"_offset_y":{"size":-11,"unit":"vw"},"_offset_x_end_tablet":{"size":2,"unit":"%"},"_offset_x_end_mobile":{"unit":"%","size":"400","sizes":[]},"_offset_y_tablet":{"size":"12","unit":"%"},"_offset_y_mobile":{"unit":"%","size":"","sizes":[]},"hide_mobile":"hidden-phone","css_filters_css_filter":"custom","css_filters_brightness":{"unit":"px","size":"112","sizes":[]},"css_filters_saturate":{"unit":"px","size":"108","sizes":[]},"css_filters_hue":{"unit":"px","size":"10","sizes":[]},"_offset_orientation_v":"end","_offset_y_end":{"unit":"px","size":-250,"sizes":[]},"width_tablet":{"unit":"%","size":100,"sizes":[]},"_margin":{"unit":"px","top":"-100","right":"0","bottom":"0","left":"0","isLinked":false},"_margin_tablet":{"unit":"px","top":"0","right":"0","bottom":"0","left":"0","isLinked":false},"_element_width_tablet":"initial","_element_custom_width_tablet":{"unit":"px","size":502,"sizes":[]},"_offset_y_end_tablet":{"size":80,"unit":"px"},"_padding_tablet":{"unit":"px","top":"0","right":"0","bottom":"0","left":"0","isLinked":false},"_background_image":{"url":"","id":""},"_background_video_fallback":{"url":"","id":""},"_background_slideshow_gallery":[],"_background_hover_image":{"url":"","id":""},"_background_hover_video_fallback":{"url":"","id":""},"_background_hover_slideshow_gallery":[],"_mask_image":{"url":"","id":""}},"elements":[],"isInner":false,"widgetType":"image","elType":"widget"},{"id":"1877be73","settings":{"structure":"30","_ob_bbad_inner_width":"100%","_ob_glider_nav_pos_y_alt":"50% - 25px","_ob_glider_nav_pos_x_prev_alt":"0%","_ob_glider_nav_pos_x_next_alt":"0%","background_image":{"url":"","id":""},"background_video_fallback":{"url":"","id":""},"background_slideshow_gallery":[],"background_hover_image":{"url":"","id":""},"background_hover_video_fallback":{"url":"","id":""},"background_hover_slideshow_gallery":[],"background_overlay_image":{"url":"","id":""},"background_overlay_video_fallback":{"url":"","id":""},"background_overlay_slideshow_gallery":[],"background_overlay_hover_image":{"url":"","id":""},"background_overlay_hover_video_fallback":{"url":"","id":""},"background_overlay_hover_slideshow_gallery":[]},"elements":[{"id":"496edbd1","settings":{"_column_size":"33","_inline_size":"41.613","_inline_size_tablet":45,"align_mobile":"center","padding_mobile":{"unit":"px","top":"30","right":"30","bottom":"30","left":"30","isLinked":"1"},"background_image":{"url":"","id":""},"background_video_fallback":{"url":"","id":""},"background_slideshow_gallery":[],"background_hover_image":{"url":"","id":""},"background_hover_video_fallback":{"url":"","id":""},"background_hover_slideshow_gallery":[],"background_overlay_image":{"url":"","id":""},"background_overlay_video_fallback":{"url":"","id":""},"background_overlay_slideshow_gallery":[],"background_overlay_hover_image":{"url":"","id":""},"background_overlay_hover_video_fallback":{"url":"","id":""},"background_overlay_hover_slideshow_gallery":[]},"elements":[{"id":"13e46207","settings":{"selected_icon":{"value":"fas fa-circle","library":"fa-solid"},"title_text":"Let's Talk","description_text":"","position":"right","title_size":"div","icon_space":{"unit":"px","size":3,"sizes":[]},"icon_size":{"unit":"px","size":6,"sizes":[]},"content_vertical_alignment":"middle","title_bottom_space":{"unit":"px","size":10,"sizes":[]},"_element_width":"auto","__globals__":{"primary_color":"","title_typography_typography":"","title_color":""},"_margin":{"unit":"px","top":"0","right":"0","bottom":"0","left":"0","isLinked":false},"primary_color":"#05B895","title_typography_typography":"custom","title_typography_font_family":"Inter","title_typography_font_size":{"unit":"px","size":16,"sizes":[]},"title_typography_font_weight":"800","title_typography_line_height":{"unit":"em","size":1.5,"sizes":[]},"title_color":"#FFFFFF","_background_image":{"url":"","id":""},"_background_video_fallback":{"url":"","id":""},"_background_slideshow_gallery":[],"_background_hover_image":{"url":"","id":""},"_background_hover_video_fallback":{"url":"","id":""},"_background_hover_slideshow_gallery":[],"_mask_image":{"url":"","id":""}},"elements":[],"isInner":false,"widgetType":"icon-box","elType":"widget"},{"id":"5eafa500","settings":{"title":"Get in touch with our specialist","_margin":{"unit":"px","top":"0","right":"0","bottom":"24","left":"0","isLinked":""},"align":"left","align_tablet":"left","align_mobile":"center","__globals__":{"title_color":"","typography_typography":""},"_animation":"fadeInLeft","_animation_delay":"200","title_color":"#FFFFFF","typography_typography":"custom","typography_font_family":"Inter","typography_font_size":{"unit":"px","size":50,"sizes":[]},"typography_font_size_tablet":{"unit":"px","size":38,"sizes":[]},"typography_font_weight":"700","typography_text_transform":"capitalize","typography_line_height":{"unit":"em","size":1.1,"sizes":[]},"_background_image":{"url":"","id":""},"_background_video_fallback":{"url":"","id":""},"_background_slideshow_gallery":[],"_background_hover_image":{"url":"","id":""},"_background_hover_video_fallback":{"url":"","id":""},"_background_hover_slideshow_gallery":[],"_mask_image":{"url":"","id":""}},"elements":[],"isInner":false,"widgetType":"heading","elType":"widget"},{"id":"6b46806f","settings":{"__globals__":{"text_color":"","typography_typography":""},"align_mobile":"center","text_color":"#FFFFFF","typography_typography":"custom","typography_font_family":"Inter","typography_font_size":{"unit":"px","size":16,"sizes":[]},"typography_font_weight":"400","typography_font_style":"normal","typography_line_height":{"unit":"em","size":1.5,"sizes":[]},"_background_image":{"url":"","id":""},"_background_video_fallback":{"url":"","id":""},"_background_slideshow_gallery":[],"_background_hover_image":{"url":"","id":""},"_background_hover_video_fallback":{"url":"","id":""},"_background_hover_slideshow_gallery":[],"_mask_image":{"url":"","id":""}},"elements":[],"isInner":false,"widgetType":"text-editor","elType":"widget"}],"isInner":"1","elType":"column"},{"id":"306a7c2f","settings":{"_column_size":"33","_inline_size":"24.649","content_position":"center","_inline_size_tablet":50,"content_position_tablet":"bottom","background_image":{"url":"","id":""},"background_video_fallback":{"url":"","id":""},"background_slideshow_gallery":[],"background_hover_image":{"url":"","id":""},"background_hover_video_fallback":{"url":"","id":""},"background_hover_slideshow_gallery":[],"background_overlay_image":{"url":"","id":""},"background_overlay_video_fallback":{"url":"","id":""},"background_overlay_slideshow_gallery":[],"background_overlay_hover_image":{"url":"","id":""},"background_overlay_hover_video_fallback":{"url":"","id":""},"background_overlay_hover_slideshow_gallery":[]},"elements":[{"id":"e99fd4d","settings":{"text":"Get in touch","align":"center","size":"lg","icon_indent":{"unit":"px","size":"0","sizes":[]},"__globals__":{"button_text_color":"","border_color":"","button_background_hover_color":"","button_hover_border_color":"","hover_color":"","background_color":"","typography_typography":""},"icon_align":"right","button_hover_border_color":"#00A585","hover_animation":"float","align_mobile":"center","_z_index_tablet":2,"typography_font_family":"Inter","typography_font_size":{"unit":"px","size":16,"sizes":[]},"typography_font_weight":"400","typography_line_height":{"unit":"em","size":1.5,"sizes":[]},"button_text_color":"#FFFFFF","background_color":"#05B895","typography_typography":"custom","selected_icon":{"value":"","library":""},"background_video_fallback":{"url":"","id":""},"background_slideshow_gallery":[],"button_background_hover_video_fallback":{"url":"","id":""},"button_background_hover_slideshow_gallery":[],"_background_image":{"url":"","id":""},"_background_video_fallback":{"url":"","id":""},"_background_slideshow_gallery":[],"_background_hover_image":{"url":"","id":""},"_background_hover_video_fallback":{"url":"","id":""},"_background_hover_slideshow_gallery":[],"_mask_image":{"url":"","id":""}},"elements":[],"isInner":false,"widgetType":"button","elType":"widget"}],"isInner":"1","elType":"column"},{"id":"3fcb1ad5","settings":{"_column_size":"33","background_image":{"url":"","id":""},"background_video_fallback":{"url":"","id":""},"background_slideshow_gallery":[],"background_hover_image":{"url":"","id":""},"background_hover_video_fallback":{"url":"","id":""},"background_hover_slideshow_gallery":[],"background_overlay_image":{"url":"","id":""},"background_overlay_video_fallback":{"url":"","id":""},"background_overlay_slideshow_gallery":[],"background_overlay_hover_image":{"url":"","id":""},"background_overlay_hover_video_fallback":{"url":"","id":""},"background_overlay_hover_slideshow_gallery":[]},"elements":[],"isInner":"1","elType":"column"}],"isInner":"1","elType":"section"}],"isInner":"","elType":"column"}],"isInner":"","elType":"section"}],"page_settings":{"hide_title":"yes","background_image":{"url":"","id":""},"background_video_fallback":{"url":"","id":""},"background_slideshow_gallery":[]},"version":"0.4","title":"About Us","type":"page"}