{"content":[{"id":"7ced5e2f","settings":{"height":"min-height","background_background":"classic","background_image":{"id":"14","url":"https:\/\/demo.dwtutorial.com\/xtronic\/wp-content\/uploads\/sites\/3\/2021\/10\/Webp.net-compress-image.jpg"},"background_position":"center center","background_size":"cover","custom_height":{"unit":"px","size":200,"sizes":[]},"background_overlay_background":"classic","__globals__":{"background_overlay_color":""},"background_overlay_opacity":{"unit":"px","size":0.9,"sizes":[]},"background_overlay_color":"#FFFFFF"},"elements":[{"id":"11f8b0b7","settings":{"_column_size":100,"_inline_size":null,"space_between_widgets":0},"elements":[{"id":"7298317a","settings":{"title":"Cart","align":"center","__globals__":{"typography_typography":"","title_color":""},"title_color":"#282828","typography_typography":"custom","typography_font_family":"Inter","typography_font_size":{"unit":"px","size":50,"sizes":[]},"typography_font_weight":"600","typography_line_height":{"unit":"px","size":55,"sizes":[]},"header_size":"h1"},"elements":[],"isInner":false,"widgetType":"heading","elType":"widget"}],"isInner":false,"elType":"column"}],"isInner":false,"elType":"section"},{"id":"63a7d27f","settings":{"gap":"wider","padding":{"unit":"px","top":"48","right":"0","bottom":"0","left":"0","isLinked":false}},"elements":[{"id":"21db92f3","settings":{"_column_size":100,"_inline_size":null},"elements":[{"id":"657448c9","settings":{"gap":"no","custom_height_inner":{"unit":"px","size":"","sizes":[]},"content_position":"middle","structure":"50","__globals__":{"background_color":"globals\/colors?id=d3ae19d"}},"elements":[{"id":"bd24495","settings":{"_column_size":20,"_inline_size":null,"background_background":"classic","__globals__":{"background_color":""},"_inline_size_tablet":27,"background_color":"#05B895","align":"center","border_radius":{"unit":"px","top":"4","right":"4","bottom":"4","left":"4","isLinked":true},"padding":{"unit":"px","top":"24","right":"24","bottom":"24","left":"24","isLinked":true},"margin_mobile":{"unit":"px","top":"0","right":"0","bottom":"12","left":"0","isLinked":false}},"elements":[{"id":"46dc0634","settings":{"selected_icon":{"value":"fas fa-shopping-cart","library":"fa-solid"},"title_text":"Shopping Cart","description_text":"","position":"left","title_size":"h6","icon_size":{"unit":"px","size":26,"sizes":[]},"__globals__":{"primary_color":"","title_color":""},"icon_space":{"unit":"px","size":10,"sizes":[]},"content_vertical_alignment":"middle","primary_color":"#FFFFFF","title_color":"#FFFFFF","title_typography_typography":"custom","title_typography_font_family":"Inter","title_typography_font_weight":"600","title_bottom_space":{"unit":"px","size":5,"sizes":[]},"_element_width":"auto"},"elements":[],"isInner":false,"widgetType":"icon-box","elType":"widget"}],"isInner":true,"elType":"column"},{"id":"21f6dc3a","settings":{"_column_size":20,"_inline_size":null,"_inline_size_tablet":10,"hide_mobile":"hidden-mobile"},"elements":[{"id":"51891920","settings":{"style":"dotted","width":{"unit":"%","size":93,"sizes":[]},"align":"right","look":"line_icon","text":"","icon":{"value":"fas fa-arrow-right","library":"fa-solid"},"color":"#999999","weight":{"unit":"px","size":3.8,"sizes":[]},"pattern_height":{"unit":"px","size":10.2,"sizes":[]},"pattern_size":{"unit":"px","size":41.2,"sizes":[]},"gap":{"unit":"px","size":14,"sizes":[]},"text_color":"#B3B3B3","typography_typography":"custom","typography_font_family":"Inter","typography_font_size":{"unit":"px","size":16,"sizes":[]},"typography_font_weight":"700","text_align":"right","primary_color":"#999999","icon_align":"right","custom_css":"selector .elementor-icon {\n    position: relative;\n    left:-13px;\n    \n}"},"elements":[],"isInner":false,"widgetType":"divider","elType":"widget"}],"isInner":true,"elType":"column"},{"id":"28feba25","settings":{"_column_size":20,"_inline_size":null,"_inline_size_tablet":27,"align":"center","background_background":"classic","background_color":"#B3B3B3","border_radius":{"unit":"px","top":"4","right":"4","bottom":"4","left":"4","isLinked":true},"padding":{"unit":"px","top":"24","right":"24","bottom":"24","left":"24","isLinked":true},"__globals__":{"background_color":""},"margin_mobile":{"unit":"px","top":"0","right":"0","bottom":"12","left":"0","isLinked":false}},"elements":[{"id":"14560ff2","settings":{"selected_icon":{"value":"fas fa-money-check","library":"fa-solid"},"title_text":"Checkout","description_text":"","position":"left","title_size":"h6","icon_size":{"unit":"px","size":26,"sizes":[]},"__globals__":{"primary_color":"","title_color":""},"icon_space":{"unit":"px","size":10,"sizes":[]},"content_vertical_alignment":"middle","primary_color":"#FFFFFF","title_color":"#FFFFFF","title_typography_typography":"custom","title_typography_font_family":"Inter","title_typography_font_weight":"600","title_bottom_space":{"unit":"px","size":5,"sizes":[]},"_element_width":"auto"},"elements":[],"isInner":false,"widgetType":"icon-box","elType":"widget"}],"isInner":true,"elType":"column"},{"id":"232ac954","settings":{"_column_size":20,"_inline_size":null,"_inline_size_tablet":10,"hide_mobile":"hidden-mobile"},"elements":[{"id":"7dfcf585","settings":{"style":"dotted","width":{"unit":"%","size":93,"sizes":[]},"align":"right","look":"line_icon","text":"","icon":{"value":"fas fa-arrow-right","library":"fa-solid"},"color":"#999999","weight":{"unit":"px","size":3.8,"sizes":[]},"pattern_height":{"unit":"px","size":10.2,"sizes":[]},"pattern_size":{"unit":"px","size":41.2,"sizes":[]},"gap":{"unit":"px","size":14,"sizes":[]},"text_color":"#B3B3B3","typography_typography":"custom","typography_font_family":"Inter","typography_font_size":{"unit":"px","size":16,"sizes":[]},"typography_font_weight":"700","text_align":"right","primary_color":"#999999","icon_align":"right","custom_css":"selector .elementor-icon {\n    position: relative;\n    left:-13px;\n    \n}"},"elements":[],"isInner":false,"widgetType":"divider","elType":"widget"}],"isInner":true,"elType":"column"},{"id":"6d9686f5","settings":{"_column_size":20,"_inline_size":null,"_inline_size_tablet":26,"align":"center","background_background":"classic","background_color":"#B3B3B3","border_radius":{"unit":"px","top":"4","right":"4","bottom":"4","left":"4","isLinked":true},"padding":{"unit":"px","top":"24","right":"24","bottom":"24","left":"24","isLinked":true},"__globals__":{"background_color":""}},"elements":[{"id":"1e665030","settings":{"selected_icon":{"value":"fas fa-check-circle","library":"fa-solid"},"title_text":"Order Complete","description_text":"","position":"left","title_size":"h6","icon_size":{"unit":"px","size":26,"sizes":[]},"__globals__":{"primary_color":"","title_color":""},"icon_space":{"unit":"px","size":10,"sizes":[]},"content_vertical_alignment":"middle","primary_color":"#FFFFFF","title_color":"#FFFFFF","title_typography_typography":"custom","title_typography_font_family":"Inter","title_typography_font_weight":"600","title_bottom_space":{"unit":"px","size":5,"sizes":[]},"_element_width":"auto"},"elements":[],"isInner":false,"widgetType":"icon-box","elType":"widget"}],"isInner":true,"elType":"column"}],"isInner":true,"elType":"section"}],"isInner":false,"elType":"column"}],"isInner":false,"elType":"section"},{"id":"6581b0cd","settings":{"gap":"wider","padding":{"unit":"px","top":"24","right":"0","bottom":"0","left":"0","isLinked":false}},"elements":[{"id":"2204e19d","settings":{"_column_size":100},"elements":[{"id":"4e6df40f","settings":{"editor":"<!-- wp:shortcode -->[woocommerce_cart]<!-- \/wp:shortcode -->","custom_css":"selector a.checkout-button {\n    background-color:#05B895;\n    color:#fff;\n        font-family: 'inter';\n    font-size: 16px;\n    font-weight: 600;\n\n    padding:24px;\n}\nselector a.checkout-button:hover {\n    background-color:#00A585;\n\n}\nselector .woocommerce-cart-form td {\n        border-width:0!important;\n}\n\nselector .woocommerce-cart-form th {\n        border-width:0!important;\n}\n\/*Remove Odd row background highlight*\/\nselector table tbody>tr:nth-child(odd)>td, table tbody>tr:nth-child(odd)>th {\n    background: transparent;\n}\nselector table tbody tr:hover>td, table tbody tr:hover>th {\n    background: transparent;\n}\n\n.woocommerce-cart-form__cart-item {\n    border-top:1px solid #ddd!important;\n}\n\nselector .shop_table thead th {\n    background-color: #f1f1f1;\n}\n\nselector table.shop_table {\n    border-width:0!important;\n}\nselector .woocommerce .shop_table .cart_item td {\n    border-bottom:1px solid #ddd!important;\n}\n\n.product-name a {\n    color:#05B895;\n}\n \/*Fix the coupon input width*\/\n.woocommerce-page table.cart td.actions .input-text {\n    width: 200px;\n    padding: 3px!important;\n}"},"elements":[],"isInner":false,"widgetType":"text-editor","elType":"widget"}],"isInner":false,"elType":"column"}],"isInner":false,"elType":"section"},{"id":"b08aa67","settings":{"gap":"wider","background_background":"classic","background_color":"#F5F8F9","padding":{"unit":"px","top":"48","right":"0","bottom":"48","left":"0","isLinked":false}},"elements":[{"id":"d9593c9","settings":{"_column_size":100,"_inline_size":null,"_inline_size_tablet":100,"align":"center"},"elements":[{"id":"56f75d73","settings":{"icon_list":[{"text":"Secure SSL Encryption\u200b","selected_icon":{"value":"fas fa-user-lock","library":"fa-solid"},"_id":"d7bbb7b"},{"text":"Guaranteed Safe Checkout\u200b","selected_icon":{"value":"fas fa-user-shield","library":"fa-solid"},"_id":"702f6a8"},{"text":"Money-back Guarantee","selected_icon":{"value":"fas fa-money-check-alt","library":"fa-solid"},"_id":"6615e78"}],"space_between":{"unit":"px","size":48,"sizes":[]},"icon_color":"#05B895","icon_size":{"unit":"px","size":27,"sizes":[]},"text_color":"#222222","text_indent":{"unit":"px","size":16,"sizes":[]},"icon_typography_typography":"custom","icon_typography_font_family":"Inter","icon_typography_font_size":{"unit":"px","size":16,"sizes":[]},"icon_typography_font_weight":"600","icon_typography_line_height":{"unit":"em","size":1.4,"sizes":[]},"view":"inline","space_between_tablet":{"unit":"px","size":8,"sizes":[]},"icon_align":"center","icon_size_tablet":{"unit":"px","size":17,"sizes":[]},"icon_typography_line_height_tablet":{"unit":"em","size":1.5,"sizes":[]},"_margin":{"unit":"px","top":"0","right":"0","bottom":"0","left":"0","isLinked":false},"_padding":{"unit":"px","top":"0","right":"24","bottom":"0","left":"24","isLinked":false},"_z_index":2,"_background_background":"classic","_background_color":"#F5F8F9","_element_width":"auto","_element_width_tablet":"initial","_element_width_mobile":"initial","_element_custom_width_tablet":{"unit":"px","size":346,"sizes":[]},"_element_custom_width_mobile":{"unit":"px","size":299,"sizes":[]}},"elements":[],"isInner":false,"widgetType":"icon-list","elType":"widget"},{"id":"60768cc9","settings":{"wp_gallery":[{"id":38,"url":"https:\/\/demo.dwtutorial.com\/xtronic\/wp-content\/uploads\/sites\/3\/2021\/10\/18.png"},{"id":37,"url":"https:\/\/demo.dwtutorial.com\/xtronic\/wp-content\/uploads\/sites\/3\/2021\/10\/3.png"},{"id":35,"url":"https:\/\/demo.dwtutorial.com\/xtronic\/wp-content\/uploads\/sites\/3\/2021\/10\/1.png"},{"id":36,"url":"https:\/\/demo.dwtutorial.com\/xtronic\/wp-content\/uploads\/sites\/3\/2021\/10\/15.png"},{"id":39,"url":"https:\/\/demo.dwtutorial.com\/xtronic\/wp-content\/uploads\/sites\/3\/2021\/10\/19.png"},{"id":40,"url":"https:\/\/demo.dwtutorial.com\/xtronic\/wp-content\/uploads\/sites\/3\/2021\/10\/22.png"}],"gallery_columns":"6","image_spacing":"custom","image_spacing_custom":{"unit":"px","size":8,"sizes":[]},"gallery_link":"none","_margin":{"unit":"px","top":"-13","right":"0","bottom":"0","left":"0","isLinked":false},"_padding":{"unit":"px","top":"64","right":"48","bottom":"48","left":"48","isLinked":false},"_border_border":"double","_border_width":{"unit":"px","top":"4","right":"4","bottom":"4","left":"4","isLinked":true},"_border_color":"#05B895"},"elements":[],"isInner":false,"widgetType":"image-gallery","elType":"widget"},{"id":"558d241f","settings":{"gap":"no","structure":"30","margin":{"unit":"px","top":"24","right":0,"bottom":"0","left":0,"isLinked":false}},"elements":[{"id":"1c85f6f","settings":{"_column_size":33,"_inline_size":48.145,"_inline_size_tablet":100,"content_position":"center","align":"space-between","margin_tablet":{"unit":"px","top":"0","right":"0","bottom":"48","left":"0","isLinked":false}},"elements":[{"id":"3a597741","settings":{"selected_icon":{"value":"fas fa-truck","library":"fa-solid"},"view":"stacked","shape":"square","title_text":"Free Shipping Worldwide ","description_text":"","position":"left","title_size":"h5","primary_color":"#05B895","hover_secondary_color":"#FFFFFF","icon_space":{"unit":"px","size":20,"sizes":[]},"icon_size":{"unit":"px","size":24,"sizes":[]},"icon_padding":{"unit":"px","size":24,"sizes":[]},"border_radius":{"unit":"px","top":"4","right":"4","bottom":"4","left":"4","isLinked":true},"content_vertical_alignment":"middle","title_bottom_space":{"unit":"px","size":0,"sizes":[]},"title_color":"#222222","title_typography_typography":"custom","title_typography_font_family":"Inter","title_typography_font_size":{"unit":"px","size":16,"sizes":[]},"title_typography_font_weight":"700","title_typography_line_height":{"unit":"em","size":1.5,"sizes":[]},"_margin":{"unit":"px","top":"0","right":"0","bottom":"24","left":"0","isLinked":false},"_element_width":"initial","_element_custom_width":{"unit":"%","size":48,"sizes":[]}},"elements":[],"isInner":false,"widgetType":"icon-box","elType":"widget"},{"id":"279f3b88","settings":{"selected_icon":{"value":"fas fa-people-arrows","library":"fa-solid"},"view":"stacked","shape":"square","title_text":"Fast Customer Support","description_text":"","position":"left","title_size":"h5","primary_color":"#05B895","hover_secondary_color":"#FFFFFF","icon_space":{"unit":"px","size":20,"sizes":[]},"icon_size":{"unit":"px","size":24,"sizes":[]},"icon_padding":{"unit":"px","size":24,"sizes":[]},"border_radius":{"unit":"px","top":"4","right":"4","bottom":"4","left":"4","isLinked":true},"content_vertical_alignment":"middle","title_bottom_space":{"unit":"px","size":0,"sizes":[]},"title_color":"#222222","title_typography_typography":"custom","title_typography_font_family":"Inter","title_typography_font_size":{"unit":"px","size":16,"sizes":[]},"title_typography_font_weight":"700","title_typography_line_height":{"unit":"em","size":1.5,"sizes":[]},"_margin":{"unit":"px","top":"0","right":"0","bottom":"24","left":"0","isLinked":false},"_element_width":"initial","_element_custom_width":{"unit":"%","size":48,"sizes":[]}},"elements":[],"isInner":false,"widgetType":"icon-box","elType":"widget"},{"id":"b559229","settings":{"selected_icon":{"value":"fas fa-box-open","library":"fa-solid"},"view":"stacked","shape":"square","title_text":"Easy 30-day Returns &amp; Refunds","description_text":"","position":"left","title_size":"h5","primary_color":"#05B895","hover_secondary_color":"#FFFFFF","icon_space":{"unit":"px","size":20,"sizes":[]},"icon_size":{"unit":"px","size":24,"sizes":[]},"icon_padding":{"unit":"px","size":24,"sizes":[]},"border_radius":{"unit":"px","top":"4","right":"4","bottom":"4","left":"4","isLinked":true},"content_vertical_alignment":"middle","title_bottom_space":{"unit":"px","size":0,"sizes":[]},"title_color":"#222222","title_typography_typography":"custom","title_typography_font_family":"Inter","title_typography_font_size":{"unit":"px","size":16,"sizes":[]},"title_typography_font_weight":"700","title_typography_line_height":{"unit":"em","size":1.5,"sizes":[]},"_margin":{"unit":"px","top":"0","right":"0","bottom":"0","left":"0","isLinked":false},"_element_width":"initial","_element_custom_width":{"unit":"%","size":48,"sizes":[]}},"elements":[],"isInner":false,"widgetType":"icon-box","elType":"widget"},{"id":"2d0f1c06","settings":{"selected_icon":{"value":"fas fa-lock","library":"fa-solid"},"view":"stacked","shape":"square","title_text":"Trusted and safe Site","description_text":"","position":"left","title_size":"h5","primary_color":"#05B895","hover_secondary_color":"#FFFFFF","icon_space":{"unit":"px","size":20,"sizes":[]},"icon_size":{"unit":"px","size":24,"sizes":[]},"icon_padding":{"unit":"px","size":24,"sizes":[]},"border_radius":{"unit":"px","top":"4","right":"4","bottom":"4","left":"4","isLinked":true},"content_vertical_alignment":"middle","title_bottom_space":{"unit":"px","size":0,"sizes":[]},"title_color":"#222222","title_typography_typography":"custom","title_typography_font_family":"Inter","title_typography_font_size":{"unit":"px","size":16,"sizes":[]},"title_typography_font_weight":"700","title_typography_line_height":{"unit":"em","size":1.5,"sizes":[]},"_margin":{"unit":"px","top":"0","right":"0","bottom":"0","left":"0","isLinked":false},"_element_width":"initial","_element_custom_width":{"unit":"%","size":48,"sizes":[]}},"elements":[],"isInner":false,"widgetType":"icon-box","elType":"widget"}],"isInner":true,"elType":"column"},{"id":"39b7d4b3","settings":{"_column_size":33,"_inline_size":2.999},"elements":[],"isInner":true,"elType":"column"},{"id":"6a6c623e","settings":{"_column_size":33,"_inline_size":48.188,"_inline_size_tablet":100,"content_position":"center","background_background":"classic","background_color":"#FFFFFF","padding":{"unit":"px","top":"48","right":"48","bottom":"48","left":"48","isLinked":true},"padding_mobile":{"unit":"px","top":"24","right":"24","bottom":"24","left":"24","isLinked":true}},"elements":[{"id":"734f81c2","settings":{"title":"Buyer Protection","header_size":"h4","title_color":"#222222","typography_typography":"custom","typography_font_family":"Roboto","typography_font_size":{"unit":"px","size":28,"sizes":[]},"typography_font_weight":"600"},"elements":[],"isInner":false,"widgetType":"heading","elType":"widget"},{"id":"49c50e10","settings":{"icon_list":[{"text":"<strong>Full refund<\/strong>, If you don't receive your order","_id":"d7bbb7b"},{"text":"<strong>Full or partial refund,<\/strong> If the item is not as described","_id":"702f6a8"}],"space_between":{"unit":"px","size":8,"sizes":[]},"icon_color":"#05B895","icon_size":{"unit":"px","size":17,"sizes":[]},"text_indent":{"unit":"px","size":10,"sizes":[]},"icon_typography_typography":"custom","icon_typography_font_family":"Inter","icon_typography_font_size":{"unit":"px","size":16,"sizes":[]},"icon_typography_font_weight":"400","icon_typography_line_height":{"unit":"em","size":1.4,"sizes":[]}},"elements":[],"isInner":false,"widgetType":"icon-list","elType":"widget"}],"isInner":true,"elType":"column"}],"isInner":true,"elType":"section"}],"isInner":false,"elType":"column"}],"isInner":false,"elType":"section"}],"page_settings":[],"version":"0.4","title":"Cart Page","type":"page"}