{"content":[{"id":"39ab369a","settings":{"height":"min-height","background_background":"classic","background_image":{"id":"14","url":"https:\/\/demo.dwtutorial.com\/xtronic\/wp-content\/uploads\/sites\/3\/2021\/10\/Webp.net-compress-image.jpg"},"background_position":"center center","background_size":"cover","custom_height":{"unit":"px","size":200,"sizes":[]},"background_overlay_background":"classic","__globals__":{"background_overlay_color":""},"background_overlay_opacity":{"unit":"px","size":0.9,"sizes":[]},"background_overlay_color":"#FFFFFF"},"elements":[{"id":"73b58348","settings":{"_column_size":100,"_inline_size":null,"space_between_widgets":0},"elements":[{"id":"dbc30ff","settings":{"title":"Checkout","align":"center","__globals__":{"typography_typography":"","title_color":""},"title_color":"#282828","typography_typography":"custom","typography_font_family":"Inter","typography_font_size":{"unit":"px","size":50,"sizes":[]},"typography_font_weight":"600","typography_line_height":{"unit":"px","size":55,"sizes":[]},"header_size":"h1"},"elements":[],"isInner":false,"widgetType":"heading","elType":"widget"}],"isInner":false,"elType":"column"}],"isInner":false,"elType":"section"},{"id":"4f837359","settings":{"gap":"wider","padding":{"unit":"px","top":"48","right":"0","bottom":"0","left":"0","isLinked":false}},"elements":[{"id":"63518231","settings":{"_column_size":100,"_inline_size":null},"elements":[{"id":"4ef9eefe","settings":{"gap":"no","custom_height_inner":{"unit":"px","size":202,"sizes":[]},"content_position":"middle","structure":"50","__globals__":{"background_color":"globals\/colors?id=d3ae19d"}},"elements":[{"id":"37fecff7","settings":{"_column_size":20,"_inline_size":null,"background_background":"classic","__globals__":{"background_color":""},"_inline_size_tablet":27,"background_color":"#05B895","align":"center","border_radius":{"unit":"px","top":"4","right":"4","bottom":"4","left":"4","isLinked":true},"padding":{"unit":"px","top":"24","right":"24","bottom":"24","left":"24","isLinked":true},"margin_mobile":{"unit":"px","top":"0","right":"0","bottom":"12","left":"0","isLinked":false}},"elements":[{"id":"2d9c61e3","settings":{"selected_icon":{"value":"fas fa-shopping-cart","library":"fa-solid"},"title_text":"Shopping Cart","description_text":"","position":"left","title_size":"h6","icon_size":{"unit":"px","size":26,"sizes":[]},"__globals__":{"primary_color":"","title_color":""},"icon_space":{"unit":"px","size":10,"sizes":[]},"content_vertical_alignment":"middle","primary_color":"#FFFFFF","title_color":"#FFFFFF","title_typography_typography":"custom","title_typography_font_family":"Inter","title_typography_font_weight":"600","title_bottom_space":{"unit":"px","size":5,"sizes":[]},"_element_width":"auto"},"elements":[],"isInner":false,"widgetType":"icon-box","elType":"widget"}],"isInner":true,"elType":"column"},{"id":"2a4c354d","settings":{"_column_size":20,"_inline_size":null,"_inline_size_tablet":10,"hide_mobile":"hidden-mobile"},"elements":[{"id":"1021628c","settings":{"style":"dotted","width":{"unit":"%","size":93,"sizes":[]},"align":"right","look":"line_icon","text":"","icon":{"value":"fas fa-arrow-right","library":"fa-solid"},"color":"#05B895","weight":{"unit":"px","size":3.8,"sizes":[]},"pattern_height":{"unit":"px","size":10.2,"sizes":[]},"pattern_size":{"unit":"px","size":41.2,"sizes":[]},"gap":{"unit":"px","size":14,"sizes":[]},"text_color":"#B3B3B3","typography_typography":"custom","typography_font_family":"Inter","typography_font_size":{"unit":"px","size":16,"sizes":[]},"typography_font_weight":"700","text_align":"right","primary_color":"#05B895","icon_align":"right","custom_css":"selector .elementor-icon {\n    position: relative;\n    left:-13px;\n    \n}"},"elements":[],"isInner":false,"widgetType":"divider","elType":"widget"}],"isInner":true,"elType":"column"},{"id":"59d51e78","settings":{"_column_size":20,"_inline_size":null,"_inline_size_tablet":27,"align":"center","background_background":"classic","background_color":"#05B895","border_radius":{"unit":"px","top":"4","right":"4","bottom":"4","left":"4","isLinked":true},"padding":{"unit":"px","top":"24","right":"24","bottom":"24","left":"24","isLinked":true},"__globals__":{"background_color":""},"margin_mobile":{"unit":"px","top":"0","right":"0","bottom":"12","left":"0","isLinked":false}},"elements":[{"id":"d15d459","settings":{"selected_icon":{"value":"fas fa-money-check","library":"fa-solid"},"title_text":"Checkout","description_text":"","position":"left","title_size":"h6","icon_size":{"unit":"px","size":26,"sizes":[]},"__globals__":{"primary_color":"","title_color":""},"icon_space":{"unit":"px","size":10,"sizes":[]},"content_vertical_alignment":"middle","primary_color":"#FFFFFF","title_color":"#FFFFFF","title_typography_typography":"custom","title_typography_font_family":"Inter","title_typography_font_weight":"600","title_bottom_space":{"unit":"px","size":5,"sizes":[]},"_element_width":"auto"},"elements":[],"isInner":false,"widgetType":"icon-box","elType":"widget"}],"isInner":true,"elType":"column"},{"id":"3c0c6704","settings":{"_column_size":20,"_inline_size":null,"_inline_size_tablet":10,"hide_mobile":"hidden-mobile"},"elements":[{"id":"3ea5e475","settings":{"style":"dotted","width":{"unit":"%","size":93,"sizes":[]},"align":"right","look":"line_icon","text":"","icon":{"value":"fas fa-arrow-right","library":"fa-solid"},"color":"#999999","weight":{"unit":"px","size":3.8,"sizes":[]},"pattern_height":{"unit":"px","size":10.2,"sizes":[]},"pattern_size":{"unit":"px","size":41.2,"sizes":[]},"gap":{"unit":"px","size":14,"sizes":[]},"text_color":"#B3B3B3","typography_typography":"custom","typography_font_family":"Inter","typography_font_size":{"unit":"px","size":16,"sizes":[]},"typography_font_weight":"700","text_align":"right","primary_color":"#999999","icon_align":"right","custom_css":"selector .elementor-icon {\n    position: relative;\n    left:-13px;\n    \n}"},"elements":[],"isInner":false,"widgetType":"divider","elType":"widget"}],"isInner":true,"elType":"column"},{"id":"285dc4f9","settings":{"_column_size":20,"_inline_size":null,"_inline_size_tablet":26,"align":"center","background_background":"classic","background_color":"#B3B3B3","border_radius":{"unit":"px","top":"4","right":"4","bottom":"4","left":"4","isLinked":true},"padding":{"unit":"px","top":"24","right":"24","bottom":"24","left":"24","isLinked":true},"__globals__":{"background_color":""}},"elements":[{"id":"3c780a49","settings":{"selected_icon":{"value":"fas fa-check-circle","library":"fa-solid"},"title_text":"Order Complete","description_text":"","position":"left","title_size":"h6","icon_size":{"unit":"px","size":26,"sizes":[]},"__globals__":{"primary_color":"","title_color":""},"icon_space":{"unit":"px","size":10,"sizes":[]},"content_vertical_alignment":"middle","primary_color":"#FFFFFF","title_color":"#FFFFFF","title_typography_typography":"custom","title_typography_font_family":"Inter","title_typography_font_weight":"600","title_bottom_space":{"unit":"px","size":5,"sizes":[]},"_element_width":"auto"},"elements":[],"isInner":false,"widgetType":"icon-box","elType":"widget"}],"isInner":true,"elType":"column"}],"isInner":true,"elType":"section"}],"isInner":false,"elType":"column"}],"isInner":false,"elType":"section"},{"id":"3c38a5c2","settings":{"gap":"wider"},"elements":[{"id":"341af61d","settings":{"_column_size":100},"elements":[{"id":"7cb6c701","settings":{"editor":"<!-- wp:shortcode -->[woocommerce_checkout]<!-- \/wp:shortcode -->","custom_css":"selector #place_order{\n    background-color:#05B895;\n        font-family: 'inter';\n    font-size: 16px;\n    font-weight: 600;\n    \n    padding:24px 48px;\n}\nselector .showcoupon {\n    color: #05B895;\n}\nselector .woocommerce-checkout #payment {\n    background-color: #f2f6f5;\n}\nselector .wc_payment_methods .woocommerce-info {\n    background-color: #fff;\n}\n\nselector .woocommerce table.shop_table tfoot th {\n    border-top:0;\n}\nselector table thead:first-child tr:first-child th {\n    border-top:0;\n}\nselector .woocommerce table.shop_table td {\n    border-top:0;\n}\nselector .woocommerce table.shop_table {\n    border-bottom: 0;   \n    border-left:0;\n    border-right:0;\n}\n\n\/*Thinner input field border*\/\ninput[type=date], input[type=email], input[type=number], input[type=password], input[type=search], input[type=tel], input[type=text], input[type=url], select, textarea {\n    border:2px solid #dedede;\n    border-radius: 4px\n}\n.woocommerce-checkout #payment div.payment_box {\n    background-color: #fff\n}\n.woocommerce-checkout #payment div.payment_box::before {\n    border-color:#fff;\n    border-right-color:transparent;\n    border-left-color:transparent;\n    border-top-color:transparent;\n    \n}\n\n"},"elements":[],"isInner":false,"widgetType":"text-editor","elType":"widget"}],"isInner":false,"elType":"column"}],"isInner":false,"elType":"section"}],"page_settings":[],"version":"0.4","title":"Checkout","type":"page"}