{"content":[{"id":"33a5576c","settings":{"height":"min-height","background_background":"classic","background_image":{"id":"2337","url":"https:\/\/www.darrelmultivendor.com\/wp-content\/uploads\/2021\/10\/smart_watch_fitness__A0lAz.jpg"},"background_position":"center center","background_size":"cover","background_video_fallback":{"url":"","id":""},"background_slideshow_gallery":[],"background_hover_image":{"url":"","id":""},"background_hover_video_fallback":{"url":"","id":""},"background_hover_slideshow_gallery":[],"background_overlay_image":{"url":"","id":""},"background_overlay_video_fallback":{"url":"","id":""},"background_overlay_slideshow_gallery":[],"background_overlay_hover_image":{"url":"","id":""},"background_overlay_hover_video_fallback":{"url":"","id":""},"background_overlay_hover_slideshow_gallery":[]},"elements":[{"id":"7b1a75d6","settings":{"_column_size":100,"_inline_size":null,"space_between_widgets":0,"background_image":{"url":"","id":""},"background_video_fallback":{"url":"","id":""},"background_slideshow_gallery":[],"background_hover_image":{"url":"","id":""},"background_hover_video_fallback":{"url":"","id":""},"background_hover_slideshow_gallery":[],"background_overlay_image":{"url":"","id":""},"background_overlay_video_fallback":{"url":"","id":""},"background_overlay_slideshow_gallery":[],"background_overlay_hover_image":{"url":"","id":""},"background_overlay_hover_video_fallback":{"url":"","id":""},"background_overlay_hover_slideshow_gallery":[]},"elements":[{"id":"29ec47e8","settings":{"title":"Get In Touch","align":"center","_margin":{"unit":"px","top":"0","right":"0","bottom":"16","left":"0","isLinked":false},"__globals__":{"typography_typography":"","title_color":""},"title_color":"#FFFFFF","typography_typography":"custom","typography_font_family":"Inter","typography_font_size":{"unit":"px","size":16,"sizes":[]},"typography_font_weight":"600","typography_line_height":{"unit":"em","size":1.5,"sizes":[]},"_background_image":{"url":"","id":""},"_background_video_fallback":{"url":"","id":""},"_background_slideshow_gallery":[],"_background_hover_image":{"url":"","id":""},"_background_hover_video_fallback":{"url":"","id":""},"_background_hover_slideshow_gallery":[],"_mask_image":{"url":"","id":""}},"elements":[],"isInner":false,"widgetType":"heading","elType":"widget"},{"id":"374e9779","settings":{"title":"Contact Us","align":"center","__globals__":{"typography_typography":"","title_color":""},"title_color":"#FFFFFF","typography_typography":"custom","typography_font_family":"Inter","typography_font_size":{"unit":"px","size":50,"sizes":[]},"typography_font_weight":"600","_background_image":{"url":"","id":""},"_background_video_fallback":{"url":"","id":""},"_background_slideshow_gallery":[],"_background_hover_image":{"url":"","id":""},"_background_hover_video_fallback":{"url":"","id":""},"_background_hover_slideshow_gallery":[],"_mask_image":{"url":"","id":""}},"elements":[],"isInner":false,"widgetType":"heading","elType":"widget"}],"isInner":false,"elType":"column"}],"isInner":false,"elType":"section"},{"id":"1bdaca42","settings":{"structure":"30","gap":"wider","padding":{"unit":"px","top":"96","right":"0","bottom":"96","left":"0","isLinked":false},"padding_tablet":{"unit":"px","top":"48","right":"0","bottom":"48","left":"0","isLinked":false},"_ob_glider_nav_pos_y_alt":"50% - 25px","_ob_glider_nav_pos_x_prev_alt":"0%","_ob_glider_nav_pos_x_next_alt":"0%","background_image":{"url":"","id":""},"background_video_fallback":{"url":"","id":""},"background_slideshow_gallery":[],"background_hover_image":{"url":"","id":""},"background_hover_video_fallback":{"url":"","id":""},"background_hover_slideshow_gallery":[],"background_overlay_image":{"url":"","id":""},"background_overlay_video_fallback":{"url":"","id":""},"background_overlay_slideshow_gallery":[],"background_overlay_hover_image":{"url":"","id":""},"background_overlay_hover_video_fallback":{"url":"","id":""},"background_overlay_hover_slideshow_gallery":[]},"elements":[{"id":"92d1aa3","settings":{"_column_size":33,"_inline_size":47,"space_between_widgets":0,"padding_mobile":{"unit":"px","top":"0","right":"30","bottom":"30","left":"30","isLinked":false},"background_image":{"url":"","id":""},"background_video_fallback":{"url":"","id":""},"background_slideshow_gallery":[],"background_hover_image":{"url":"","id":""},"background_hover_video_fallback":{"url":"","id":""},"background_hover_slideshow_gallery":[],"background_overlay_image":{"url":"","id":""},"background_overlay_video_fallback":{"url":"","id":""},"background_overlay_slideshow_gallery":[],"background_overlay_hover_image":{"url":"","id":""},"background_overlay_hover_video_fallback":{"url":"","id":""},"background_overlay_hover_slideshow_gallery":[]},"elements":[{"id":"5fb62cce","settings":{"selected_icon":{"value":"fas fa-circle","library":"fa-solid"},"title_text":"Let's Talk","description_text":"","position":"right","title_size":"div","icon_space":{"unit":"px","size":3,"sizes":[]},"icon_size":{"unit":"px","size":6,"sizes":[]},"content_vertical_alignment":"middle","title_bottom_space":{"unit":"px","size":10,"sizes":[]},"_element_width":"auto","__globals__":{"primary_color":"","title_typography_typography":"","title_color":""},"_margin":{"unit":"px","top":"0","right":"0","bottom":"0","left":"0","isLinked":false},"primary_color":"#05B895","title_color":"#282828","title_typography_typography":"custom","title_typography_font_family":"Inter","title_typography_font_size":{"unit":"px","size":16,"sizes":[]},"title_typography_font_weight":"800","title_typography_line_height":{"unit":"em","size":1.5,"sizes":[]},"_element_width_mobile":"inherit","_background_image":{"url":"","id":""},"_background_video_fallback":{"url":"","id":""},"_background_slideshow_gallery":[],"_background_hover_image":{"url":"","id":""},"_background_hover_video_fallback":{"url":"","id":""},"_background_hover_slideshow_gallery":[],"_mask_image":{"url":"","id":""}},"elements":[],"isInner":false,"widgetType":"icon-box","elType":"widget"},{"id":"3dc29b02","settings":{"title":"Get in touch with our experts","typography_typography":"custom","typography_line_height":{"unit":"em","size":1.1,"sizes":[]},"_margin":{"unit":"px","top":"0","right":"0","bottom":"16","left":"0","isLinked":false},"align_mobile":"center","title_color":"#282828","typography_font_family":"Inter","typography_font_size":{"unit":"px","size":50,"sizes":[]},"typography_font_size_tablet":{"unit":"px","size":38,"sizes":[]},"typography_font_weight":"700","typography_text_transform":"capitalize","_animation":"fadeInLeft","_element_width":"initial","_element_custom_width":{"unit":"px","size":800,"sizes":[]},"__globals__":{"typography_typography":""},"_background_image":{"url":"","id":""},"_background_video_fallback":{"url":"","id":""},"_background_slideshow_gallery":[],"_background_hover_image":{"url":"","id":""},"_background_hover_video_fallback":{"url":"","id":""},"_background_hover_slideshow_gallery":[],"_mask_image":{"url":"","id":""}},"elements":[],"isInner":false,"widgetType":"heading","elType":"widget"},{"id":"4e4a4698","settings":{"title":"Dont be shy, Just tell us about yourself and we\u2019ll figure out the best option for you and your project.","header_size":"div","_margin":{"unit":"px","top":"0","right":"0","bottom":"16","left":"0","isLinked":""},"ekit_we_effect_on":"none","ekit_we_css_animation_fx":"","ekit_we_css_animation":"ekit-fade","ekit_we_css_animation_tablet":"","ekit_we_css_animation_mobile":"","ekit_we_css_animation_speed":"5","ekit_we_css_animation_iteration_count":"infinite","ekit_we_css_animation_direction":"normal","ekit_we_css_transform_fx":"","ekit_we_css_transform_fx_translate_toggle":"","ekit_we_css_transform_fx_translate_x":{"unit":"px","size":"","sizes":[]},"ekit_we_css_transform_fx_translate_x_tablet":{"unit":"px","size":"","sizes":[]},"ekit_we_css_transform_fx_translate_x_mobile":{"unit":"px","size":"","sizes":[]},"ekit_we_css_transform_fx_translate_y":{"unit":"px","size":"","sizes":[]},"ekit_we_css_transform_fx_translate_y_tablet":{"unit":"px","size":"","sizes":[]},"ekit_we_css_transform_fx_translate_y_mobile":{"unit":"px","size":"","sizes":[]},"ekit_we_css_transform_fx_rotate_toggle":"","ekit_we_css_transform_fx_rotate_z":{"unit":"px","size":"","sizes":[]},"ekit_we_css_transform_fx_rotate_z_tablet":{"unit":"px","size":"","sizes":[]},"ekit_we_css_transform_fx_rotate_z_mobile":{"unit":"px","size":"","sizes":[]},"ekit_we_css_transform_fx_rotate_x":{"unit":"px","size":"","sizes":[]},"ekit_we_css_transform_fx_rotate_x_tablet":{"unit":"px","size":"","sizes":[]},"ekit_we_css_transform_fx_rotate_x_mobile":{"unit":"px","size":"","sizes":[]},"ekit_we_css_transform_fx_rotate_y":{"unit":"px","size":"","sizes":[]},"ekit_we_css_transform_fx_rotate_y_tablet":{"unit":"px","size":"","sizes":[]},"ekit_we_css_transform_fx_rotate_y_mobile":{"unit":"px","size":"","sizes":[]},"ekit_we_css_transform_fx_scale_toggle":"","ekit_we_css_transform_fx_scale_x":{"unit":"px","size":"1","sizes":[]},"ekit_we_css_transform_fx_scale_x_tablet":{"unit":"px","size":"","sizes":[]},"ekit_we_css_transform_fx_scale_x_mobile":{"unit":"px","size":"","sizes":[]},"ekit_we_css_transform_fx_scale_y":{"unit":"px","size":"1","sizes":[]},"ekit_we_css_transform_fx_scale_y_tablet":{"unit":"px","size":"","sizes":[]},"ekit_we_css_transform_fx_scale_y_mobile":{"unit":"px","size":"","sizes":[]},"ekit_we_css_transform_fx_skew_toggle":"","ekit_we_css_transform_fx_skew_x":{"unit":"px","size":"","sizes":[]},"ekit_we_css_transform_fx_skew_x_tablet":{"unit":"px","size":"","sizes":[]},"ekit_we_css_transform_fx_skew_x_mobile":{"unit":"px","size":"","sizes":[]},"ekit_we_css_transform_fx_skew_y":{"unit":"px","size":"","sizes":[]},"ekit_we_css_transform_fx_skew_y_tablet":{"unit":"px","size":"","sizes":[]},"ekit_we_css_transform_fx_skew_y_mobile":{"unit":"px","size":"","sizes":[]},"ekit_we_on_test_mode":"on","ekit_we_tilt_maxtilt":"20","ekit_we_tilt_scale":"1","ekit_we_tilt_disableaxis":"","ekit_we_mousemove_parallax_speed":"40","ekit_we_scroll_animation":"translateY","ekit_we_scroll_animation_value":"250","ekit_we_scroll_smoothness":"700","ekit_we_scroll_offsettop":"0","ekit_we_scroll_offsetbottom":"0","ekit_sticky":"","ekit_sticky_on":["desktop","tablet","mobile"],"ekit_sticky_offset":{"unit":"px","size":"0","sizes":[]},"ekit_sticky_effect_offset":{"unit":"px","size":"0","sizes":[]},"align":"left","align_tablet":"left","__globals__":{"title_color":"","typography_typography":""},"align_mobile":"center","typography_typography":"custom","typography_font_family":"Inter","typography_font_size":{"unit":"px","size":16,"sizes":[]},"typography_font_weight":"300","typography_line_height":{"unit":"em","size":"1.5","sizes":[]},"title_color":"#282828","_background_image":{"url":"","id":""},"_background_video_fallback":{"url":"","id":""},"_background_slideshow_gallery":[],"_background_hover_image":{"url":"","id":""},"_background_hover_video_fallback":{"url":"","id":""},"_background_hover_slideshow_gallery":[],"_mask_image":{"url":"","id":""}},"elements":[],"isInner":false,"widgetType":"heading","elType":"widget"},{"id":"70cc3a5b","settings":{"gap":"no","structure":"30","margin":{"unit":"px","top":"0","right":0,"bottom":"24","left":0,"isLinked":false},"_ob_bbad_inner_width":"100%","_ob_glider_nav_pos_y_alt":"50% - 25px","_ob_glider_nav_pos_x_prev_alt":"0%","_ob_glider_nav_pos_x_next_alt":"0%","background_image":{"url":"","id":""},"background_video_fallback":{"url":"","id":""},"background_slideshow_gallery":[],"background_hover_image":{"url":"","id":""},"background_hover_video_fallback":{"url":"","id":""},"background_hover_slideshow_gallery":[],"background_overlay_image":{"url":"","id":""},"background_overlay_video_fallback":{"url":"","id":""},"background_overlay_slideshow_gallery":[],"background_overlay_hover_image":{"url":"","id":""},"background_overlay_hover_video_fallback":{"url":"","id":""},"background_overlay_hover_slideshow_gallery":[]},"elements":[{"id":"33446692","settings":{"_column_size":33,"_inline_size":46.196,"_inline_size_tablet":100,"margin_tablet":{"unit":"px","top":"0","right":"0","bottom":"4","left":"0","isLinked":false},"background_image":{"url":"","id":""},"background_video_fallback":{"url":"","id":""},"background_slideshow_gallery":[],"background_hover_image":{"url":"","id":""},"background_hover_video_fallback":{"url":"","id":""},"background_hover_slideshow_gallery":[],"background_overlay_image":{"url":"","id":""},"background_overlay_video_fallback":{"url":"","id":""},"background_overlay_slideshow_gallery":[],"background_overlay_hover_image":{"url":"","id":""},"background_overlay_hover_video_fallback":{"url":"","id":""},"background_overlay_hover_slideshow_gallery":[]},"elements":[{"id":"ee7c8b3","settings":{"icon_list":[{"text":"<strong>Australia<\/strong> 1.878.459.222","selected_icon":{"value":"fas fa-phone-alt","library":"fa-solid"},"_id":"e850efe","link":{"url":"","is_external":"","nofollow":"","custom_attributes":""}},{"text":"<strong>Canada<\/strong> 1.878.459.222","selected_icon":{"value":"fas fa-phone-alt","library":"fa-solid"},"_id":"91cdb0c","link":{"url":"","is_external":"","nofollow":"","custom_attributes":""}},{"text":"<strong>USA<\/strong> 1.878.459.222","selected_icon":{"value":"fas fa-phone-alt","library":"fa-solid"},"_id":"28f584a","link":{"url":"","is_external":"","nofollow":"","custom_attributes":""}}],"space_between":{"unit":"px","size":16,"sizes":[]},"icon_size":{"unit":"px","size":20,"sizes":[]},"text_indent":{"unit":"px","size":12,"sizes":[]},"__globals__":{"icon_color":"","text_color":""},"icon_align_mobile":"center","icon_color":"#05B895","text_color":"#282828","icon_typography_typography":"custom","icon_typography_font_family":"Inter","icon_typography_font_size":{"unit":"px","size":16,"sizes":[]},"icon_typography_font_weight":"400","icon_typography_text_transform":"none","icon_typography_line_height":{"unit":"px","size":24,"sizes":[]},"_margin_tablet":{"unit":"px","top":"0","right":"0","bottom":"12","left":"0","isLinked":false},"_background_image":{"url":"","id":""},"_background_video_fallback":{"url":"","id":""},"_background_slideshow_gallery":[],"_background_hover_image":{"url":"","id":""},"_background_hover_video_fallback":{"url":"","id":""},"_background_hover_slideshow_gallery":[],"_mask_image":{"url":"","id":""}},"elements":[],"isInner":false,"widgetType":"icon-list","elType":"widget"}],"isInner":true,"elType":"column"},{"id":"2d5b7d50","settings":{"_column_size":33,"_inline_size":5.072,"background_image":{"url":"","id":""},"background_video_fallback":{"url":"","id":""},"background_slideshow_gallery":[],"background_hover_image":{"url":"","id":""},"background_hover_video_fallback":{"url":"","id":""},"background_hover_slideshow_gallery":[],"background_overlay_image":{"url":"","id":""},"background_overlay_video_fallback":{"url":"","id":""},"background_overlay_slideshow_gallery":[],"background_overlay_hover_image":{"url":"","id":""},"background_overlay_hover_video_fallback":{"url":"","id":""},"background_overlay_hover_slideshow_gallery":[]},"elements":[],"isInner":true,"elType":"column"},{"id":"204d757b","settings":{"_column_size":33,"_inline_size":48.209,"_inline_size_tablet":100,"background_image":{"url":"","id":""},"background_video_fallback":{"url":"","id":""},"background_slideshow_gallery":[],"background_hover_image":{"url":"","id":""},"background_hover_video_fallback":{"url":"","id":""},"background_hover_slideshow_gallery":[],"background_overlay_image":{"url":"","id":""},"background_overlay_video_fallback":{"url":"","id":""},"background_overlay_slideshow_gallery":[],"background_overlay_hover_image":{"url":"","id":""},"background_overlay_hover_video_fallback":{"url":"","id":""},"background_overlay_hover_slideshow_gallery":[]},"elements":[{"id":"6fc1a6c3","settings":{"icon_list":[{"text":"<strong>Indonesia<\/strong> 1.878.459.222","selected_icon":{"value":"fas fa-phone-alt","library":"fa-solid"},"_id":"e850efe","link":{"url":"","is_external":"","nofollow":"","custom_attributes":""}},{"text":"<strong>Malaysia<\/strong> 1.878.459.222","selected_icon":{"value":"fas fa-phone-alt","library":"fa-solid"},"_id":"91cdb0c","link":{"url":"","is_external":"","nofollow":"","custom_attributes":""}},{"text":"<strong>China<\/strong> 1.878.459.222","selected_icon":{"value":"fas fa-phone-alt","library":"fa-solid"},"_id":"28f584a","link":{"url":"","is_external":"","nofollow":"","custom_attributes":""}}],"space_between":{"unit":"px","size":16,"sizes":[]},"icon_size":{"unit":"px","size":20,"sizes":[]},"text_indent":{"unit":"px","size":12,"sizes":[]},"__globals__":{"icon_color":"","text_color":""},"icon_align_mobile":"center","icon_color":"#05B895","text_color":"#282828","icon_typography_typography":"custom","icon_typography_font_family":"Inter","icon_typography_font_size":{"unit":"px","size":16,"sizes":[]},"icon_typography_font_weight":"400","icon_typography_text_transform":"none","icon_typography_line_height":{"unit":"px","size":24,"sizes":[]},"_background_image":{"url":"","id":""},"_background_video_fallback":{"url":"","id":""},"_background_slideshow_gallery":[],"_background_hover_image":{"url":"","id":""},"_background_hover_video_fallback":{"url":"","id":""},"_background_hover_slideshow_gallery":[],"_mask_image":{"url":"","id":""}},"elements":[],"isInner":false,"widgetType":"icon-list","elType":"widget"}],"isInner":true,"elType":"column"}],"isInner":true,"elType":"section"},{"id":"2b99e5ca","settings":{"tabs":[{"tab_title":"Tax Planning","tab_content":"<p>Maecenas faucibus mollis interdum. Donec sed odio dui. Morbi leo risus, porta ac consectetur ac, vestibulum at eros. Integer posuere erat a ante venenatis dapibus posuere velit aliquet.Lorem ipsum dolor sit amet, consectetur adipiscing elit. Ut elit tellus, luctus nec ullamcorper mattis, pulvinar dapibus leo.<\/p>","_id":"6b9cdab"},{"tab_title":"Financial Planning","tab_content":"Lorem ipsum dolor sit amet, consectetur adipiscing elit. Ut elit tellus, luctus nec ullamcorper mattis, pulvinar dapibus leo.","_id":"ca3420f"},{"tab_title":"Asset Management","tab_content":"Lorem ipsum dolor sit amet, consectetur adipiscing elit. Ut elit tellus, luctus nec ullamcorper mattis, pulvinar dapibus leo.","_id":"ca342dc"},{"tab_title":"Investment Advisor","tab_content":"Lorem ipsum dolor sit amet, consectetur adipiscing elit. Ut elit tellus, luctus nec ullamcorper mattis, pulvinar dapibus leo.","_id":"506498b"},{"tab_title":"Retire Planning","tab_content":"Lorem ipsum dolor sit amet, consectetur adipiscing elit. Ut elit tellus, luctus nec ullamcorper mattis, pulvinar dapibus leo.","_id":"e359562"},{"tab_title":"Cash-Flow Management ","tab_content":"Lorem ipsum dolor sit amet, consectetur adipiscing elit. Ut elit tellus, luctus nec ullamcorper mattis, pulvinar dapibus leo.","_id":"7fd0a13"}],"selected_icon":{"value":"fas fa-chevron-down","library":"fa-solid"},"selected_active_icon":{"value":"icon dticon-remove-outline","library":"dticon"},"title_padding":{"unit":"px","top":"24","right":"0","bottom":"24","left":"0","isLinked":""},"icon_align":"right","content_padding":{"unit":"px","top":"0","right":"0","bottom":"8","left":"0","isLinked":""},"__globals__":{"tab_active_color":"","border_color":"","title_color":""},"border_color":"#DEDEDE","title_color":"#555555","tab_active_color":"#282828","content_color":"#282828","content_typography_typography":"custom","content_typography_font_family":"Inter","content_typography_font_size":{"unit":"px","size":16,"sizes":[]},"content_typography_font_weight":"400","title_typography_typography":"custom","title_typography_font_family":"Inter","title_typography_font_size":{"unit":"px","size":16,"sizes":[]},"title_typography_font_weight":"600","title_typography_line_height":{"unit":"px","size":24,"sizes":[]},"icon_color":"#555555","icon_active_color":"#555555","_background_image":{"url":"","id":""},"_background_video_fallback":{"url":"","id":""},"_background_slideshow_gallery":[],"_background_hover_image":{"url":"","id":""},"_background_hover_video_fallback":{"url":"","id":""},"_background_hover_slideshow_gallery":[],"_mask_image":{"url":"","id":""}},"elements":[],"isInner":false,"widgetType":"toggle","elType":"widget"}],"isInner":false,"elType":"column"},{"id":"7546960f","settings":{"_column_size":33,"_inline_size":5.332,"background_image":{"url":"","id":""},"background_video_fallback":{"url":"","id":""},"background_slideshow_gallery":[],"background_hover_image":{"url":"","id":""},"background_hover_video_fallback":{"url":"","id":""},"background_hover_slideshow_gallery":[],"background_overlay_image":{"url":"","id":""},"background_overlay_video_fallback":{"url":"","id":""},"background_overlay_slideshow_gallery":[],"background_overlay_hover_image":{"url":"","id":""},"background_overlay_hover_video_fallback":{"url":"","id":""},"background_overlay_hover_slideshow_gallery":[]},"elements":[],"isInner":false,"elType":"column"},{"id":"324a62a6","settings":{"_column_size":33,"_inline_size":47,"background_image":{"url":"","id":""},"background_video_fallback":{"url":"","id":""},"background_slideshow_gallery":[],"background_hover_image":{"url":"","id":""},"background_hover_video_fallback":{"url":"","id":""},"background_hover_slideshow_gallery":[],"background_overlay_image":{"url":"","id":""},"background_overlay_video_fallback":{"url":"","id":""},"background_overlay_slideshow_gallery":[],"background_overlay_hover_image":{"url":"","id":""},"background_overlay_hover_video_fallback":{"url":"","id":""},"background_overlay_hover_slideshow_gallery":[]},"elements":[{"id":"485e91b6","settings":{"address":"London Eye, London, United Kingdom","height":{"unit":"px","size":447,"sizes":[]},"_margin":{"unit":"px","top":"0","right":"0","bottom":"48","left":"0","isLinked":false},"zoom":{"unit":"px","size":14,"sizes":[]},"_background_image":{"url":"","id":""},"_background_video_fallback":{"url":"","id":""},"_background_slideshow_gallery":[],"_background_hover_image":{"url":"","id":""},"_background_hover_video_fallback":{"url":"","id":""},"_background_hover_slideshow_gallery":[],"_mask_image":{"url":"","id":""}},"elements":[],"isInner":false,"widgetType":"google_maps","elType":"widget"},{"id":"3ef7be80","settings":{"form_name":"New Form","form_fields":[{"custom_id":"name","field_label":"Name","placeholder":"Name","_id":"811fe7e","previous_button":"","next_button":"","file_sizes":"","file_types":"","allow_multiple_upload":"","max_files":"","acceptance_text":"","checked_by_default":"","field_min":"","field_max":"","min_date":"","max_date":"","use_native_date":"","use_native_time":"","field_type":"text","required":"","selected_icon":{"value":"fas fa-star","library":"fa-solid"},"field_options":"","allow_multiple":"","select_size":"","inline_list":"","field_html":"","width":"100","rows":4,"recaptcha_size":"normal","recaptcha_style":"light","recaptcha_badge":"bottomright","css_classes":"","field_value":""},{"custom_id":"email","field_type":"email","required":"true","field_label":"Email","placeholder":"Email","_id":"e9ecf58","previous_button":"","next_button":"","file_sizes":"","file_types":"","allow_multiple_upload":"","max_files":"","acceptance_text":"","checked_by_default":"","field_min":"","field_max":"","min_date":"","max_date":"","use_native_date":"","use_native_time":"","selected_icon":{"value":"fas fa-star","library":"fa-solid"},"field_options":"","allow_multiple":"","select_size":"","inline_list":"","field_html":"","width":"100","rows":4,"recaptcha_size":"normal","recaptcha_style":"light","recaptcha_badge":"bottomright","css_classes":"","field_value":""},{"custom_id":"message","field_type":"textarea","field_label":"Message","placeholder":"Message","_id":"564c927","previous_button":"","next_button":"","file_sizes":"","file_types":"","allow_multiple_upload":"","max_files":"","acceptance_text":"","checked_by_default":"","field_min":"","field_max":"","min_date":"","max_date":"","use_native_date":"","use_native_time":"","required":"","selected_icon":{"value":"fas fa-star","library":"fa-solid"},"field_options":"","allow_multiple":"","select_size":"","inline_list":"","field_html":"","width":"100","rows":4,"recaptcha_size":"normal","recaptcha_style":"light","recaptcha_badge":"bottomright","css_classes":"","field_value":""}],"show_labels":"","button_width":"33","step_next_label":"Next","step_previous_label":"Previous","button_text":"Send","email_content":"[all-fields]","email_content_2":"[all-fields]","success_message":"The form was sent successfully.","error_message":"An error occured.","required_field_message":"This field is required.","invalid_message":"There's something wrong. The form is invalid.","row_gap":{"unit":"px","size":"32","sizes":[]},"_element_width":"initial","_element_custom_width":{"unit":"px","size":"640","sizes":[]},"_element_width_mobile":"inherit","button_typography_typography":"custom","button_typography_font_family":"Inter","button_typography_font_size":{"unit":"px","size":16,"sizes":[]},"button_typography_font_weight":"500","button_typography_line_height":{"unit":"em","size":1.5,"sizes":[]},"button_background_color":"#05B895","button_background_hover_color":"#00A585","__globals__":{"button_typography_typography":"","button_background_color":"","button_background_hover_color":""},"label_typography_typography":"custom","label_typography_font_family":"Inter","label_typography_font_weight":"400","field_text_color":"#282828","field_typography_typography":"custom","field_typography_font_family":"Inter","field_typography_font_weight":"400","message_typography_typography":"custom","message_typography_font_family":"Inter","message_typography_font_weight":"400","field_border_color":"#EDEDED","field_border_width":{"unit":"px","top":"2","right":"2","bottom":"2","left":"2","isLinked":true},"selected_button_icon":{"value":"","library":""},"_background_image":{"url":"","id":""},"_background_video_fallback":{"url":"","id":""},"_background_slideshow_gallery":[],"_background_hover_image":{"url":"","id":""},"_background_hover_video_fallback":{"url":"","id":""},"_background_hover_slideshow_gallery":[],"_mask_image":{"url":"","id":""}},"elements":[],"isInner":false,"widgetType":"form","elType":"widget"}],"isInner":false,"elType":"column"}],"isInner":false,"elType":"section"}],"page_settings":{"hide_title":"yes","background_image":{"url":"","id":""},"background_video_fallback":{"url":"","id":""},"background_slideshow_gallery":[]},"version":"0.4","title":"Contact Us","type":"page"}