{"content":[{"id":"6b1e600c","settings":{"gap":"no","layout":"full_width","padding_tablet":{"unit":"px","top":"48","right":"0","bottom":"0","left":"0","isLinked":false},"padding":{"unit":"px","top":"48","right":"0","bottom":"0","left":"0","isLinked":false},"background_background":"classic","background_image":{"id":"2333","url":"https:\/\/www.darrelmultivendor.com\/wp-content\/uploads\/2021\/10\/pat-1b-1.png"},"background_position":"center right","background_repeat":"no-repeat","background_size":"initial","background_bg_width":{"unit":"px","size":193,"sizes":[]},"background_motion_fx_motion_fx_scrolling":"yes","background_motion_fx_translateY_effect":"yes","background_overlay_background":"classic","background_overlay_image":{"id":"2328","url":"https:\/\/www.darrelmultivendor.com\/wp-content\/uploads\/2021\/10\/pat-1c.png"},"background_overlay_position":"initial","background_overlay_xpos":{"unit":"px","size":-132,"sizes":[]},"background_overlay_repeat":"no-repeat","background_overlay_size":"initial","background_overlay_bg_width":{"unit":"px","size":296,"sizes":[]},"background_overlay_opacity":{"unit":"px","size":1,"sizes":[]},"overflow":"hidden"},"elements":[{"id":"3598072","settings":{"_column_size":100,"_inline_size":null},"elements":[{"id":"2db3e65c","settings":{"gap":"wider"},"elements":[{"id":"32eec610","settings":{"_column_size":100,"_inline_size":null},"elements":[{"id":"4489b005","settings":{"wp":{"title":"","taxonomy":"product_tag"},"custom_css":"selector h5 {\n    display:none;\n}\nselector .tagcloud a {\n    color:#777;\n    padding:8px 12px;\n    background-color: #f5f8f9; \n    margin-right: 10px;\n    font-size:13px!important;\n    line-height: 44px;\n    display: inline;\n}\n.tagline {\n    margin-bottom: 10px;\n}\n\n@media (max-width:786px) {\n    selector .tagcloud {\n        text-align: center;\n    }\n}\n"},"elements":[],"isInner":false,"widgetType":"wp-widget-tag_cloud","elType":"widget"}],"isInner":true,"elType":"column"}],"isInner":true,"elType":"section"},{"id":"10b47319","settings":{"gap":"wider","structure":"60","margin":{"unit":"px","top":"0","right":0,"bottom":"48","left":0,"isLinked":false},"margin_tablet":{"unit":"px","top":"0","right":0,"bottom":"48","left":0,"isLinked":false},"overflow":"hidden"},"elements":[{"id":"9f428df","settings":{"_column_size":16,"_inline_size":17.664,"content_position":"space-between","_inline_size_tablet":70},"elements":[{"id":"421e8dd3","settings":{"image":{"id":"2359","url":"https:\/\/www.darrelmultivendor.com\/wp-content\/uploads\/2021\/10\/Xtronic-dark-1.png"},"align":"left","width":{"unit":"px","size":172,"sizes":[]},"align_mobile":"center","_margin_mobile":{"unit":"px","top":"0","right":"0","bottom":"16","left":"0","isLinked":false},"link_to":"custom","link":{"url":"https:\/\/elementor.detheme.com\/xtronic\/home\/","is_external":"","nofollow":"","custom_attributes":""}},"elements":[],"isInner":false,"widgetType":"image","elType":"widget"},{"id":"2e589cb2","settings":{"editor":"<p>56 Bay Meadows Ave. Vineland, NJ 08360<\/p>","align_mobile":"center","align":"left","_margin":{"unit":"px","top":"0","right":"0","bottom":"-24","left":"0","isLinked":false},"text_color":"#282828","typography_typography":"custom","typography_font_family":"Inter","typography_font_size":{"unit":"px","size":16,"sizes":[]},"typography_font_weight":"400","typography_font_style":"normal","typography_line_height":{"unit":"em","size":1.5,"sizes":[]},"__globals__":{"typography_typography":"","text_color":""}},"elements":[],"isInner":false,"widgetType":"text-editor","elType":"widget"}],"isInner":true,"elType":"column"},{"id":"21678f27","settings":{"_column_size":16,"_inline_size":6.015,"content_position":"space-between","_inline_size_tablet":20},"elements":[],"isInner":true,"elType":"column"},{"id":"6ca1c76c","settings":{"_column_size":16,"_inline_size":18,"_inline_size_tablet":25},"elements":[{"id":"29f5a136","settings":{"icon_list":[{"text":"Gift card","selected_icon":{"value":"","library":""},"_id":"9193685","link":{"url":"#","is_external":"","nofollow":"","custom_attributes":""}},{"text":"Lookbook 2021","selected_icon":{"value":"","library":""},"link":{"url":"#","is_external":"","nofollow":"","custom_attributes":""},"_id":"3759815"},{"text":"Privacy policy","selected_icon":{"value":"","library":""},"link":{"url":"#","is_external":"","nofollow":"","custom_attributes":""},"_id":"78b1a95"},{"text":"Shipping & refund","selected_icon":{"value":"","library":""},"link":{"url":"#","is_external":"","nofollow":"","custom_attributes":""},"_id":"9153dbb"}],"space_between":{"unit":"px","size":16,"sizes":[]},"icon_align_mobile":"center","icon_align":"left","__globals__":{"text_color":"","text_color_hover":"","icon_typography_typography":""},"text_color":"#555555","text_color_hover":"#282828","icon_typography_typography":"custom","icon_typography_font_family":"Inter","icon_typography_font_size":{"unit":"px","size":16,"sizes":[]},"icon_typography_font_weight":"400","icon_typography_font_style":"normal","icon_typography_line_height":{"unit":"em","size":1.5,"sizes":[]}},"elements":[],"isInner":false,"widgetType":"icon-list","elType":"widget"}],"isInner":true,"elType":"column"},{"id":"73eb2fc4","settings":{"_column_size":16,"_inline_size":18,"_inline_size_tablet":25},"elements":[{"id":"6de5f9e4","settings":{"icon_list":[{"text":"About us","selected_icon":{"value":"","library":""},"_id":"9193685","link":{"url":"#","is_external":"","nofollow":"","custom_attributes":""}},{"text":"Pricing plan","selected_icon":{"value":"","library":""},"link":{"url":"#","is_external":"","nofollow":"","custom_attributes":""},"_id":"3759815"},{"text":"Contact us","selected_icon":{"value":"","library":""},"link":{"url":"#","is_external":"","nofollow":"","custom_attributes":""},"_id":"78b1a95"},{"text":"Knowledgebase","selected_icon":{"value":"","library":""},"link":{"url":"#","is_external":"","nofollow":"","custom_attributes":""},"_id":"9153dbb"}],"space_between":{"unit":"px","size":16,"sizes":[]},"icon_align_mobile":"center","icon_align":"left","__globals__":{"text_color":"","text_color_hover":"","icon_typography_typography":""},"text_color":"#555555","text_color_hover":"#282828","icon_typography_typography":"custom","icon_typography_font_family":"Inter","icon_typography_font_size":{"unit":"px","size":16,"sizes":[]},"icon_typography_font_weight":"400","icon_typography_font_style":"normal","icon_typography_line_height":{"unit":"em","size":1.5,"sizes":[]}},"elements":[],"isInner":false,"widgetType":"icon-list","elType":"widget"}],"isInner":true,"elType":"column"},{"id":"2c8c2857","settings":{"_column_size":16,"_inline_size":18,"_inline_size_tablet":25},"elements":[{"id":"705788ed","settings":{"icon_list":[{"text":"About us","selected_icon":{"value":"","library":""},"_id":"9193685","link":{"url":"#","is_external":"","nofollow":"","custom_attributes":""}},{"text":"Pricing plan","selected_icon":{"value":"","library":""},"link":{"url":"#","is_external":"","nofollow":"","custom_attributes":""},"_id":"3759815"},{"text":"Contact us","selected_icon":{"value":"","library":""},"link":{"url":"#","is_external":"","nofollow":"","custom_attributes":""},"_id":"78b1a95"},{"text":"Knowledgebase","selected_icon":{"value":"","library":""},"link":{"url":"#","is_external":"","nofollow":"","custom_attributes":""},"_id":"9153dbb"}],"space_between":{"unit":"px","size":16,"sizes":[]},"icon_align_mobile":"center","icon_align":"left","__globals__":{"text_color":"","text_color_hover":"","icon_typography_typography":""},"text_color":"#555555","text_color_hover":"#282828","icon_typography_typography":"custom","icon_typography_font_family":"Inter","icon_typography_font_size":{"unit":"px","size":16,"sizes":[]},"icon_typography_font_weight":"400","icon_typography_font_style":"normal","icon_typography_line_height":{"unit":"em","size":1.5,"sizes":[]}},"elements":[],"isInner":false,"widgetType":"icon-list","elType":"widget"}],"isInner":true,"elType":"column"},{"id":"58541ca3","settings":{"_column_size":16,"_inline_size":20.316,"_inline_size_tablet":25},"elements":[{"id":"196a962f","settings":{"icon_list":[{"text":"Gift card","selected_icon":{"value":"","library":""},"_id":"9193685","link":{"url":"#","is_external":"","nofollow":"","custom_attributes":""}},{"text":"Lookbook 2021","selected_icon":{"value":"","library":""},"link":{"url":"#","is_external":"","nofollow":"","custom_attributes":""},"_id":"3759815"},{"text":"Privacy policy","selected_icon":{"value":"","library":""},"link":{"url":"#","is_external":"","nofollow":"","custom_attributes":""},"_id":"78b1a95"},{"text":"Shipping & refund","selected_icon":{"value":"","library":""},"link":{"url":"#","is_external":"","nofollow":"","custom_attributes":""},"_id":"9153dbb"}],"space_between":{"unit":"px","size":16,"sizes":[]},"icon_align_mobile":"center","icon_align":"left","__globals__":{"text_color":"","text_color_hover":"","icon_typography_typography":""},"text_color":"#555555","text_color_hover":"#282828","icon_typography_typography":"custom","icon_typography_font_family":"Inter","icon_typography_font_size":{"unit":"px","size":16,"sizes":[]},"icon_typography_font_weight":"400","icon_typography_font_style":"normal","icon_typography_line_height":{"unit":"em","size":1.5,"sizes":[]}},"elements":[],"isInner":false,"widgetType":"icon-list","elType":"widget"}],"isInner":true,"elType":"column"}],"isInner":true,"elType":"section"},{"id":"7673ee95","settings":{"gap":"wider","structure":"20","margin":{"unit":"px","top":"0","right":0,"bottom":"0","left":0,"isLinked":false},"background_background":"classic","__globals__":{"background_color":""},"reverse_order_mobile":"reverse-mobile","background_overlay_background":"classic","background_overlay_image":{"url":"","id":"","alt":"","source":"library"},"background_overlay_position":"initial","background_overlay_xpos":{"unit":"%","size":88,"sizes":[]},"background_overlay_ypos":{"unit":"%","size":96,"sizes":[]},"background_overlay_size":"cover","background_overlay_opacity":{"unit":"px","size":1,"sizes":[]},"background_image":{"id":"2326","url":"https:\/\/www.darrelmultivendor.com\/wp-content\/uploads\/2021\/10\/pat-2.b.png"},"background_position":"center center","background_repeat":"no-repeat","background_size":"initial","background_bg_width":{"unit":"px","size":110,"sizes":[]},"background_color":"#F5F8F9"},"elements":[{"id":"2f6d3c8f","settings":{"_column_size":50,"_inline_size":63.902,"_inline_size_tablet":45,"padding_mobile":{"unit":"px","top":"0","right":"30","bottom":"30","left":"30","isLinked":false},"content_position":"center"},"elements":[{"id":"488603f5","settings":{"title":"Copyright \u00a9 2021 Darrel Wilson","title_color":"#282828","typography_typography":"custom","typography_font_family":"Inter","typography_font_size":{"unit":"px","size":13,"sizes":[]},"typography_font_weight":"400","align_mobile":"center","_padding_mobile":{"unit":"px","top":"24","right":"0","bottom":"0","left":"0","isLinked":false}},"elements":[],"isInner":false,"widgetType":"heading","elType":"widget"}],"isInner":true,"elType":"column"},{"id":"12b6b06c","settings":{"_column_size":50,"_inline_size":36.098,"_inline_size_tablet":55,"padding_mobile":{"unit":"px","top":"30","right":"30","bottom":"9","left":"30","isLinked":false}},"elements":[{"id":"24a9d82a","settings":{"carousel":[{"id":2365,"url":"https:\/\/www.darrelmultivendor.com\/wp-content\/uploads\/2021\/10\/1.png"},{"id":2366,"url":"https:\/\/www.darrelmultivendor.com\/wp-content\/uploads\/2021\/10\/15.png"},{"id":2367,"url":"https:\/\/www.darrelmultivendor.com\/wp-content\/uploads\/2021\/10\/3.png"},{"id":2368,"url":"https:\/\/www.darrelmultivendor.com\/wp-content\/uploads\/2021\/10\/18.png"},{"id":2369,"url":"https:\/\/www.darrelmultivendor.com\/wp-content\/uploads\/2021\/10\/19.png"},{"id":2370,"url":"https:\/\/www.darrelmultivendor.com\/wp-content\/uploads\/2021\/10\/22.png"}],"slides_to_show":"6","navigation":"none","autoplay":"no","image_spacing":"custom","image_spacing_custom":{"unit":"px","size":8,"sizes":[]},"_element_custom_width":{"unit":"px","size":300,"sizes":[]},"slides_to_show_tablet":"6","slides_to_show_mobile":"6","_margin":{"unit":"px","top":"0","right":"0","bottom":"-5","left":"0","isLinked":false},"thumbnail_custom_dimension":{"width":"130","height":"100"}},"elements":[],"isInner":false,"widgetType":"image-carousel","elType":"widget"}],"isInner":true,"elType":"column"}],"isInner":true,"elType":"section"}],"isInner":false,"elType":"column"}],"isInner":false,"elType":"section"}],"page_settings":[],"version":"0.4","title":"Elementor Footer #2363","type":"footer"}