{"content":[{"id":"7abb6072","settings":{"gap":"no","margin_mobile":{"unit":"px","top":"0","right":0,"bottom":"0","left":0,"isLinked":false},"layout":"full_width"},"elements":[{"id":"681b4d66","settings":{"_column_size":"100","margin_mobile":{"unit":"px","top":"0","right":"0","bottom":"0","left":"0","isLinked":""},"padding_mobile":{"unit":"px","top":"10","right":"0","bottom":"10","left":"0","isLinked":""}},"elements":[{"id":"17b85894","settings":{"structure":"30","margin":{"unit":"px","top":"0","right":"0","bottom":"0","left":"0","isLinked":""},"gap":"wider","margin_mobile":{"unit":"%","top":"-184","right":"0","bottom":"0","left":"0","isLinked":""},"overflow":"hidden"},"elements":[{"id":"6d0d05e9","settings":{"_column_size":"33","_inline_size":30.702,"_inline_size_tablet":"20","content_position":"center","padding_mobile":{"unit":"px","top":"0","right":"0","bottom":"0","left":"0","isLinked":""},"padding_tablet":{"unit":"px","top":"30","right":"0","bottom":"30","left":"30","isLinked":false}},"elements":[{"id":"4f599961","settings":{"image":{"id":2359,"url":"https:\/\/www.darrelmultivendor.com\/wp-content\/uploads\/2021\/10\/Xtronic-dark-1.png"},"align":"left","width":{"unit":"px","size":132,"sizes":[]},"_padding":{"unit":"px","top":"0","right":"16","bottom":"0","left":"0","isLinked":""},"_element_width":"auto","_margin":{"unit":"px","top":"0","right":"0","bottom":"0","left":"0","isLinked":false},"link_to":"custom","link":{"url":"https:\/\/demo.dwtutorial.com\/xtronic\/","is_external":"","nofollow":"","custom_attributes":""}},"elements":[],"isInner":false,"widgetType":"image","elType":"widget"}],"isInner":"1","elType":"column"},{"id":"56349a8e","settings":{"_column_size":"33","_inline_size":36.491,"align":"flex-end","_inline_size_tablet":"35","content_position_tablet":"center","padding_mobile":{"unit":"px","top":"0","right":"0","bottom":"0","left":"0","isLinked":""},"content_position":"center"},"elements":[{"id":"4a31daf6","settings":{"placeholder":"Search...","button_text":"Go","__globals__":{"button_background_color":"","button_typography_typography":"globals\/typography?id=secondary","button_text_color":"","input_background_color":"","input_border_color":"","input_background_color_focus":"","button_background_color_hover":"","input_text_color":""},"size":{"unit":"px","size":"40","sizes":[]},"icon_size_minimal":{"unit":"px","size":"11","sizes":[]},"border_radius":{"unit":"px","size":4,"sizes":[]},"input_background_color":"#FFFFFF00","button_typography_typography":"custom","button_typography_font_size":{"unit":"px","size":16,"sizes":[]},"button_typography_font_weight":"500","button_typography_text_transform":"uppercase","button_typography_line_height":{"unit":"em","size":1.5,"sizes":[]},"button_typography_letter_spacing":{"unit":"px","size":3,"sizes":[]},"button_text_color":"#FFFFFF","button_background_color_hover":"#00A585","icon_size":{"unit":"px","size":10,"sizes":[]},"button_width":{"unit":"px","size":1.1,"sizes":[]},"button_typography_font_family":"Inter","button_background_color":"#05B895","input_border_color":"#DEDEDE","input_box_shadow_box_shadow_type":"yes","input_box_shadow_box_shadow":{"horizontal":0,"vertical":0,"blur":0,"spread":1,"color":"#DEDEDE"},"input_box_shadow_box_shadow_position":"inset","button_border_width":{"unit":"px","top":"0","right":"0","bottom":"0","left":"0","isLinked":true}},"elements":[],"isInner":false,"widgetType":"search-form","elType":"widget"}],"isInner":"1","elType":"column"},{"id":"45d292c1","settings":{"_column_size":"33","_inline_size":32.471,"_inline_size_tablet":"45","content_position":"center","align":"flex-end","padding_mobile":{"unit":"px","top":"0","right":"0","bottom":"0","left":"0","isLinked":""}},"elements":[{"id":"1db18bf5","settings":{"toggle_button_typography_typography":"custom","toggle_button_typography_font_size":{"unit":"px","size":15,"sizes":[]},"toggle_button_typography_letter_spacing":{"unit":"px","size":"0","sizes":[]},"toggle_button_padding":{"unit":"px","top":"0","right":"0","bottom":"0","left":"0","isLinked":""},"_margin":{"unit":"px","top":"0","right":"64","bottom":"0","left":"0","isLinked":""},"_element_width":"auto","__globals__":{"toggle_button_text_color":"","toggle_button_icon_color":"","toggle_button_background_color":"","items_indicator_background_color":"","toggle_button_hover_background_color":"","product_title_color":"","product_title_typography_typography":"","product_price_color":"","product_price_typography_typography":"","product_buttons_typography_typography":"","subtotal_color":"globals\/colors?id=text","subtotal_typography_typography":"","toggle_button_border_color":"","toggle_button_typography_typography":"","items_indicator_text_color":""},"space_between_buttons":{"unit":"px","size":"12","sizes":[]},"icon":"bag-medium","toggle_button_border_color":"#FFFFFF00","toggle_button_typography_font_weight":"600","toggle_button_typography_line_height":{"unit":"em","size":"0.1","sizes":[]},"toggle_icon_size":{"unit":"px","size":19,"sizes":[]},"buttons_layout":"stacked","_margin_tablet":{"unit":"px","top":"0","right":"24","bottom":"0","left":"0","isLinked":false},"toggle_button_background_color":"#FFFFFF00","toggle_button_hover_background_color":"#FFFFFF00","items_indicator_text_color":"#FFFFFF","items_indicator_background_color":"#06B895","product_title_color":"#282828","product_price_color":"#555555","product_price_typography_typography":"custom","product_price_typography_font_family":"Inter","product_price_typography_font_size":{"unit":"px","size":16,"sizes":[]},"product_price_typography_font_weight":"400","product_price_typography_font_style":"normal","product_price_typography_line_height":{"unit":"em","size":1.5,"sizes":[]},"product_buttons_typography_typography":"custom","product_buttons_typography_font_family":"Inter","product_buttons_typography_font_size":{"unit":"px","size":16,"sizes":[]},"product_buttons_typography_font_weight":"500","product_buttons_typography_line_height":{"unit":"em","size":1.5,"sizes":[]},"toggle_button_typography_font_family":"Inter","toggle_button_text_color":"#282828","toggle_button_icon_color":"#282828","close_cart_icon_color":"#282828"},"elements":[],"isInner":false,"widgetType":"woocommerce-menu-cart","elType":"widget"},{"id":"6654d25f","settings":{"text":"My Account","_element_width":"auto","typography_typography":"custom","typography_font_size":{"unit":"px","size":15,"sizes":[]},"button_text_color":"#FFFFFF","background_color":"#05B895","button_background_hover_color":"#00A585","__globals__":{"background_color":"","button_text_color":"","button_background_hover_color":""},"typography_font_family":"Inter","link":{"url":"https:\/\/www.darrelmultivendor.com\/my-account","is_external":"","nofollow":"","custom_attributes":""}},"elements":[],"isInner":false,"widgetType":"button","elType":"widget"}],"isInner":"1","elType":"column"}],"isInner":"1","elType":"section"},{"id":"24409339","settings":{"gap":"no","margin":{"unit":"px","top":"0","right":0,"bottom":"0","left":0,"isLinked":false},"margin_mobile":{"unit":"px","top":"-100","right":0,"bottom":"0","left":0,"isLinked":false},"layout":"full_width"},"elements":[{"id":"785c1212","settings":{"_column_size":100,"_inline_size":null},"elements":[{"id":"2d27e3cd","settings":{"text":"Divider","gap":{"unit":"px","size":"0","sizes":[]},"__globals__":{"color":""},"gap_mobile":{"unit":"px","size":"0","sizes":[]},"color":"#DEDEDE"},"elements":[],"isInner":false,"widgetType":"divider","elType":"widget"}],"isInner":true,"elType":"column"}],"isInner":true,"elType":"section"},{"id":"53db569c","settings":{"gap":"wider","margin":{"unit":"px","top":"0","right":0,"bottom":"0","left":0,"isLinked":false},"structure":"20"},"elements":[{"id":"1d2aa242","settings":{"_column_size":50,"_inline_size":58.86,"padding":{"unit":"px","top":"0","right":"30","bottom":"0","left":"30","isLinked":false},"content_position":"center","_inline_size_tablet":30,"_inline_size_mobile":65,"align_mobile":"flex-start","padding_mobile":{"unit":"px","top":"8","right":"30","bottom":"8","left":"10","isLinked":false},"padding_tablet":{"unit":"px","top":"0","right":"0","bottom":"0","left":"30","isLinked":false}},"elements":[{"id":"2233eb0d","settings":{"menu_typography_typography":"custom","menu_typography_font_size":{"unit":"px","size":15,"sizes":[]},"menu_typography_font_weight":"500","padding_horizontal_menu_item":{"unit":"px","size":"0","sizes":[]},"menu_space_between":{"unit":"px","size":24,"sizes":[]},"__globals__":{"color_menu_item":"","dropdown_border_color":"","toggle_background_color":"","toggle_color":"globals\/colors?id=primary","color_menu_item_hover":"","color_menu_item_active":"","background_color_dropdown_item_hover":"","color_dropdown_item_hover":"","color_dropdown_item_active":"","menu_typography_typography":""},"indicator":"chevron","dropdown_typography_typography":"custom","dropdown_typography_font_size":{"unit":"px","size":"15","sizes":[]},"dropdown_typography_font_weight":"500","dropdown_border_border":"solid","dropdown_border_width":{"unit":"px","top":"16","right":"32","bottom":"16","left":"16","isLinked":""},"dropdown_border_radius":{"unit":"px","top":"3","right":"3","bottom":"3","left":"3","isLinked":"1"},"dropdown_box_shadow_box_shadow_type":"yes","dropdown_box_shadow_box_shadow":{"horizontal":"0","vertical":"0","blur":"46","spread":"-10","color":"rgba(0, 0, 0, 0.1)"},"padding_vertical_dropdown_item":{"unit":"px","size":"8","sizes":[]},"align_items":"left","full_width":"stretch","_element_width_tablet":"auto","pointer":"none","padding_horizontal_dropdown_item_mobile":{"unit":"px","size":16,"sizes":[]},"_margin":{"unit":"px","top":"0","right":"24","bottom":"0","left":"0","isLinked":""},"_margin_tablet":{"unit":"px","top":"0","right":"16","bottom":"0","left":"0","isLinked":""},"submenu_icon":{"value":"fas fa-chevron-down","library":"fa-solid"},"_element_width":"auto","dropdown_border_width_mobile":{"unit":"px","top":"16","right":"0","bottom":"16","left":"0","isLinked":false},"dropdown_top_distance_mobile":{"unit":"px","size":24,"sizes":[]},"menu_typography_font_family":"Inter","menu_typography_line_height":{"unit":"em","size":1.5,"sizes":[]},"menu_typography_letter_spacing":{"unit":"px","size":0,"sizes":[]},"color_menu_item":"#282828","color_menu_item_hover":"#05B895","color_menu_item_active":"#05B895","color_dropdown_item_hover":"#05B895","background_color_dropdown_item_hover":"#FFFFFF00","color_dropdown_item_active":"#05B895","dropdown_border_color":"#FFFFFF","toggle_color":"#05B895","toggle_background_color":"#02010100"},"elements":[],"isInner":false,"widgetType":"nav-menu","elType":"widget"},{"id":"77c21237","settings":{"text":"Hot Deals","_element_width":"auto","typography_typography":"custom","typography_font_size":{"unit":"px","size":15,"sizes":[]},"button_text_color":"#FFFFFF","background_color":"#05B895","button_background_hover_color":"#00A585","__globals__":{"background_color":"","button_text_color":"","button_background_hover_color":""},"typography_font_family":"Inter"},"elements":[],"isInner":false,"widgetType":"button","elType":"widget"}],"isInner":true,"elType":"column"},{"id":"3fb01074","settings":{"_column_size":50,"_inline_size":41.01,"content_position":"center","align":"flex-end","_inline_size_tablet":70,"_inline_size_mobile":35,"padding_mobile":{"unit":"px","top":"12","right":"30","bottom":"0","left":"0","isLinked":false},"margin_mobile":{"unit":"px","top":"0","right":"0","bottom":"0","left":"0","isLinked":false}},"elements":[{"id":"2ce3df29","settings":{"image":{"id":2359,"url":"https:\/\/www.darrelmultivendor.com\/wp-content\/uploads\/2021\/10\/Xtronic-dark-1.png"},"width":{"unit":"px","size":0,"sizes":[]},"width_mobile":{"unit":"%","size":100,"sizes":[]},"_margin":{"unit":"px","top":"-1000","right":"0","bottom":"0","left":"0","isLinked":false},"_margin_mobile":{"unit":"px","top":"0","right":"0","bottom":"-12","left":"0","isLinked":false},"link_to":"custom","link":{"url":"#","is_external":"","nofollow":"","custom_attributes":""},"_padding_mobile":{"unit":"px","top":"0","right":"0","bottom":"0","left":"0","isLinked":false}},"elements":[],"isInner":false,"widgetType":"image","elType":"widget"},{"id":"52d44c0c","settings":{"selected_icon":{"value":"fas fa-phone-alt","library":"fa-solid"},"title_text":" 1-777-400-9821","description_text":"Call us","position":"left","title_size":"div","icon_size":{"unit":"px","size":27,"sizes":[]},"_element_width":"auto","__globals__":{"primary_color":"","title_typography_typography":"","title_color":""},"icon_space":{"unit":"px","size":24,"sizes":[]},"_margin":{"unit":"px","top":"0","right":"48","bottom":"0","left":"0","isLinked":false},"_margin_mobile":{"unit":"px","top":"-1000","right":"0","bottom":"0","left":"0","isLinked":false},"primary_color":"#06B895","title_color":"#282828","title_typography_typography":"custom","title_typography_font_family":"Inter","title_typography_font_size":{"unit":"px","size":16,"sizes":[]},"title_typography_font_weight":"600","description_typography_typography":"custom","description_typography_font_family":"Inter","description_typography_font_size":{"unit":"px","size":16,"sizes":[]},"description_typography_font_weight":"400"},"elements":[],"isInner":false,"widgetType":"icon-box","elType":"widget"},{"id":"7124baba","settings":{"selected_icon":{"value":"fas fa-map","library":"fa-solid"},"title_text":"8305 Arch Ave","description_text":"Ohio, OH 55318","position":"left","title_size":"div","icon_size":{"unit":"px","size":27,"sizes":[]},"_element_width":"auto","__globals__":{"primary_color":"","title_typography_typography":"","title_color":""},"icon_space":{"unit":"px","size":24,"sizes":[]},"_margin":{"unit":"px","top":"0","right":"0","bottom":"0","left":"0","isLinked":false},"_margin_mobile":{"unit":"px","top":"-1000","right":"0","bottom":"0","left":"0","isLinked":false},"primary_color":"#06B895","title_color":"#282828","title_typography_typography":"custom","title_typography_font_family":"Inter","title_typography_font_size":{"unit":"px","size":16,"sizes":[]},"title_typography_font_weight":"600","description_typography_typography":"custom","description_typography_font_family":"Inter","description_typography_font_size":{"unit":"px","size":16,"sizes":[]},"description_typography_font_weight":"400"},"elements":[],"isInner":false,"widgetType":"icon-box","elType":"widget"}],"isInner":true,"elType":"column"}],"isInner":true,"elType":"section"}],"isInner":"","elType":"column"}],"isInner":"","elType":"section"}],"page_settings":[],"version":"0.4","title":"Elementor Header #2357","type":"header"}