{"content":[{"id":"1754b1","settings":{"gap":"wider","structure":"20","background_background":"classic","padding":{"unit":"px","top":"48","right":"0","bottom":"48","left":"0","isLinked":false},"__globals__":{"background_color":""},"background_image":{"id":"42","url":"https:\/\/demo.dwtutorial.com\/xtronic\/wp-content\/uploads\/sites\/3\/2021\/10\/pat-1b-1.png"},"background_position":"center right","background_repeat":"no-repeat","background_size":"initial","background_bg_width":{"unit":"px","size":235,"sizes":[]},"background_motion_fx_motion_fx_scrolling":"yes","background_motion_fx_translateY_effect":"yes","background_overlay_background":"classic","background_overlay_image":{"id":"51","url":"https:\/\/demo.dwtutorial.com\/xtronic\/wp-content\/uploads\/sites\/3\/2021\/10\/pat-2c.png"},"background_overlay_position":"initial","background_overlay_xpos":{"unit":"%","size":82,"sizes":[]},"background_overlay_ypos":{"unit":"%","size":100,"sizes":[]},"background_overlay_repeat":"no-repeat","background_overlay_size":"initial","background_overlay_bg_width":{"unit":"px","size":22,"sizes":[]},"background_overlay_opacity":{"unit":"px","size":1,"sizes":[]},"background_bg_width_tablet":{"unit":"px","size":245,"sizes":[]},"background_color":"#F6F8F9"},"elements":[{"id":"716cd881","settings":{"_column_size":50,"_inline_size":null,"content_position":"center","align_mobile":"center"},"elements":[{"id":"324a2f7a","settings":{"image":{"id":"46","url":"https:\/\/demo.dwtutorial.com\/xtronic\/wp-content\/uploads\/sites\/3\/2021\/10\/pat-1a.png"},"_element_width":"initial","_element_custom_width":{"unit":"px","size":78,"sizes":[]},"_position":"absolute","_offset_x":{"size":-216,"unit":"px"},"_offset_y":{"size":33,"unit":"px"},"_offset_x_tablet":{"unit":"px","size":381,"sizes":[]},"_offset_x_mobile":{"size":6,"unit":"px"},"_offset_y_tablet":{"unit":"px","size":157,"sizes":[]},"_offset_y_mobile":{"size":108,"unit":"px"}},"elements":[],"isInner":false,"widgetType":"image","elType":"widget"},{"id":"229c50d1","settings":{"image":{"id":"41","url":"https:\/\/demo.dwtutorial.com\/xtronic\/wp-content\/uploads\/sites\/3\/2021\/10\/pat-2.b.png"},"_element_width":"initial","_element_custom_width":{"unit":"px","size":187,"sizes":[]},"_position":"absolute","_offset_x":{"size":-363,"unit":"px"},"_offset_y":{"size":479,"unit":"px"},"css_filters_saturate":{"unit":"px","size":0,"sizes":[]},"_offset_x_tablet":{"unit":"px","size":-64,"sizes":[]},"_offset_x_mobile":{"size":-37,"unit":"px"},"_offset_y_tablet":{"unit":"px","size":-6,"sizes":[]},"_offset_y_mobile":{"size":-24,"unit":"px"}},"elements":[],"isInner":false,"widgetType":"image","elType":"widget"},{"id":"4793265b","settings":{"selected_icon":{"value":"fas fa-circle","library":"fa-solid"},"title_text":"Hot Items Today","description_text":"","position":"right","title_size":"div","icon_space":{"unit":"px","size":3,"sizes":[]},"icon_size":{"unit":"px","size":6,"sizes":[]},"content_vertical_alignment":"middle","title_bottom_space":{"unit":"px","size":10,"sizes":[]},"_element_width":"auto","__globals__":{"primary_color":"","title_typography_typography":"","title_color":""},"_margin":{"unit":"px","top":"0","right":"0","bottom":"0","left":"0","isLinked":false},"primary_color":"#05B895","title_color":"#282828","title_typography_typography":"custom","title_typography_font_family":"Inter","title_typography_font_size":{"unit":"px","size":16,"sizes":[]},"title_typography_font_weight":"800","title_typography_line_height":{"unit":"em","size":1.5,"sizes":[]}},"elements":[],"isInner":false,"widgetType":"icon-box","elType":"widget"},{"id":"68ed2225","settings":{"title":"Award-winning Headphones","header_size":"h1","_margin":{"unit":"px","top":"0","right":"0","bottom":"0","left":"0","isLinked":false},"align_mobile":"center","title_color":"#282828","typography_typography":"custom","typography_font_family":"Inter","typography_font_size":{"unit":"px","size":68,"sizes":[]},"typography_font_size_tablet":{"unit":"px","size":50,"sizes":[]},"typography_font_weight":"700","typography_text_transform":"capitalize","typography_line_height":{"unit":"em","size":1,"sizes":[]},"__globals__":{"title_color":"","typography_typography":""}},"elements":[],"isInner":false,"widgetType":"heading","elType":"widget"},{"id":"2af2b5ac","settings":{"_element_width":"initial","_element_custom_width":{"unit":"px","size":491,"sizes":[]},"align_mobile":"center"},"elements":[],"isInner":false,"widgetType":"text-editor","elType":"widget"},{"id":"174b0d1f","settings":{"text":"Shop Now","size":"xl","align_mobile":"center","button_text_color":"#FFFFFF","background_color":"#05B895","button_background_hover_color":"#00A585","__globals__":{"background_color":"","button_background_hover_color":"","button_text_color":""},"typography_typography":"custom","typography_font_family":"Inter","typography_font_size":{"unit":"px","size":16,"sizes":[]},"typography_font_weight":"500"},"elements":[],"isInner":false,"widgetType":"button","elType":"widget"}],"isInner":false,"elType":"column"},{"id":"561f6388","settings":{"_column_size":50,"_inline_size":null},"elements":[{"id":"243c76bb","settings":{"image":{"id":"47","url":"https:\/\/demo.dwtutorial.com\/xtronic\/wp-content\/uploads\/sites\/3\/2021\/10\/pat-2a.png"},"_element_width":"initial","_element_custom_width":{"unit":"px","size":52,"sizes":[]},"_position":"absolute","_offset_x":{"size":610,"unit":"px"},"_offset_y":{"size":126,"unit":"px"},"_offset_x_tablet":{"size":11,"unit":"px"},"_offset_y_tablet":{"size":135,"unit":"px"}},"elements":[],"isInner":false,"widgetType":"image","elType":"widget"},{"id":"63463f8d","settings":{"image":{"id":"43","url":"https:\/\/demo.dwtutorial.com\/xtronic\/wp-content\/uploads\/sites\/3\/2021\/10\/pat-1c.png"},"_element_width":"initial","_element_custom_width":{"unit":"px","size":140,"sizes":[]},"_position":"absolute","_offset_x":{"size":-4,"unit":"px"},"_offset_y":{"size":-7,"unit":"px"}},"elements":[],"isInner":false,"widgetType":"image","elType":"widget"},{"id":"2cd4d41c","settings":{"image":{"id":"48","url":"https:\/\/demo.dwtutorial.com\/xtronic\/wp-content\/uploads\/sites\/3\/2021\/10\/pat-1d.png"},"_element_width":"initial","_element_custom_width":{"unit":"px","size":140,"sizes":[]},"_position":"absolute","_offset_x":{"size":-32,"unit":"px"},"_offset_y":{"size":501,"unit":"px"},"_offset_x_mobile":{"unit":"px","size":133,"sizes":[]},"_offset_y_mobile":{"unit":"px","size":316,"sizes":[]}},"elements":[],"isInner":false,"widgetType":"image","elType":"widget"},{"id":"4ea276b6","settings":{"image":{"id":"49","url":"https:\/\/demo.dwtutorial.com\/xtronic\/wp-content\/uploads\/sites\/3\/2021\/10\/pat-1e.png"},"_element_width":"initial","_element_custom_width":{"unit":"px","size":140,"sizes":[]},"_position":"absolute","_offset_x":{"size":51,"unit":"px"},"_offset_y":{"size":510,"unit":"px"},"_offset_x_mobile":{"unit":"px","size":0,"sizes":[]},"_offset_y_mobile":{"unit":"px","size":356,"sizes":[]}},"elements":[],"isInner":false,"widgetType":"image","elType":"widget"},{"id":"643e5510","settings":{"image":{"id":"25","url":"https:\/\/demo.dwtutorial.com\/xtronic\/wp-content\/uploads\/sites\/3\/2021\/10\/Headphones-Orange.H03.2k-green-1.png"},"_margin":{"unit":"px","top":"0","right":"-100","bottom":"-200","left":"-100","isLinked":false},"_z_index":10,"align_tablet":"right","width_tablet":{"unit":"%","size":100,"sizes":[]},"_margin_tablet":{"unit":"px","top":"0","right":"-30","bottom":"-100","left":"-50","isLinked":false}},"elements":[],"isInner":false,"widgetType":"image","elType":"widget"},{"id":"5fd65ef2","settings":{"bg_image":{"url":"","id":""},"title":"Starting at","description":"$97<sup>99<\/sup>","title_tag":"div","button":"","link":{"url":"#","is_external":"","nofollow":"","custom_attributes":""},"link_click":"box","min-height":{"unit":"px","size":170,"sizes":[]},"vertical_position":"middle","padding":{"unit":"px","top":"0","right":"0","bottom":"0","left":"0","isLinked":true},"title_spacing":{"unit":"px","size":10,"sizes":[]},"description_typography_typography":"custom","description_typography_font_family":"Inter","description_typography_font_size":{"unit":"px","size":44,"sizes":[]},"description_typography_font_weight":"200","description_typography_line_height":{"unit":"em","size":1.1,"sizes":[]},"title_color":"#FFFFFF","description_color":"#FFFFFF","_margin":{"unit":"%","top":"-100","right":"0","bottom":"0","left":"0","isLinked":false},"_border_radius":{"unit":"%","top":"50","right":"50","bottom":"50","left":"50","isLinked":true},"_element_width":"initial","_element_custom_width":{"unit":"px","size":170,"sizes":[]},"__globals__":{"title_typography_typography":"","description_typography_typography":"","content_bg_color":"","title_color":"","description_color":""},"title_typography_typography":"custom","title_typography_font_family":"Inter","title_typography_font_size":{"unit":"px","size":21,"sizes":[]},"title_typography_font_size_tablet":{"unit":"px","size":18,"sizes":[]},"title_typography_font_weight":"700","title_typography_text_transform":"capitalize","title_typography_line_height":{"unit":"em","size":1.4,"sizes":[]},"_z_index":11,"transformation":"move-left","_margin_tablet":{"unit":"px","top":"0","right":"0","bottom":"0","left":"0","isLinked":false},"graphic_image":{"id":"50","url":"https:\/\/demo.dwtutorial.com\/xtronic\/wp-content\/uploads\/sites\/3\/2021\/10\/placeholder.png"},"content_bg_color":"#282828"},"elements":[],"isInner":false,"widgetType":"call-to-action","elType":"widget"}],"isInner":false,"elType":"column"}],"isInner":false,"elType":"section"},{"id":"a17caae","settings":{"gap":"wider","structure":"30","padding":{"unit":"px","top":"48","right":"0","bottom":"24","left":"0","isLinked":false},"z_index":20,"layout":"full_width","padding_tablet":{"unit":"px","top":"48","right":"0","bottom":"0","left":"0","isLinked":false}},"elements":[{"id":"378aa10c","settings":{"_column_size":33,"_inline_size":null,"padding_mobile":{"unit":"px","top":"30","right":"30","bottom":"0","left":"30","isLinked":false},"_inline_size_tablet":50},"elements":[{"id":"7c40b5d6","settings":{"gap":"wider","height_inner":"min-height","custom_height_inner":{"unit":"px","size":256,"sizes":[]},"background_background":"classic","background_image":{"id":"14","url":"https:\/\/demo.dwtutorial.com\/xtronic\/wp-content\/uploads\/sites\/3\/2021\/10\/Webp.net-compress-image.jpg"},"background_position":"center center","background_xpos":{"unit":"px","size":282,"sizes":[]},"background_ypos":{"unit":"%","size":100,"sizes":[]},"background_repeat":"no-repeat","background_size":"cover","background_hover_background":"classic","background_hover_image":{"url":"","id":"","alt":"","source":"library"},"background_hover_position":"initial","background_hover_xpos":{"unit":"px","size":272,"sizes":[]},"background_hover_ypos":{"unit":"%","size":100,"sizes":[]},"background_hover_size":"contain","background_hover_transition":{"unit":"px","size":1,"sizes":[]},"margin":{"unit":"px","top":"0","right":0,"bottom":"30","left":0,"isLinked":false},"__globals__":{"background_color":"","background_overlay_color":"","background_overlay_color_b":""},"background_overlay_background":"gradient","background_overlay_color_stop":{"unit":"%","size":46,"sizes":[]},"background_overlay_color_b_stop":{"unit":"%","size":74,"sizes":[]},"background_overlay_opacity":{"unit":"px","size":0.43,"sizes":[]},"background_overlay_color":"#00000000","background_overlay_color_b":"#000000","margin_tablet":{"unit":"px","top":"0","right":0,"bottom":"0","left":0,"isLinked":false}},"elements":[{"id":"5402f756","settings":{"_column_size":100,"_inline_size":null,"content_position":"bottom","column_link":{"url":"#","is_external":"","nofollow":"","custom_attributes":""},"margin_tablet":{"unit":"px","top":"0","right":"0","bottom":"0","left":"0","isLinked":false},"space_between_widgets":0},"elements":[{"id":"a11c0f6","settings":{"selected_icon":{"value":"fas fa-circle","library":"fa-solid"},"title_text":"Best Seller","description_text":"","position":"right","title_size":"div","icon_space":{"unit":"px","size":3,"sizes":[]},"icon_size":{"unit":"px","size":6,"sizes":[]},"content_vertical_alignment":"middle","title_bottom_space":{"unit":"px","size":10,"sizes":[]},"_element_width":"auto","__globals__":{"primary_color":"","title_typography_typography":"globals\/typography?id=text","title_color":""},"_margin":{"unit":"px","top":"0","right":"0","bottom":"0","left":"0","isLinked":false},"primary_color":"#05B895","title_color":"#FFFFFF","title_typography_typography":"custom","title_typography_font_family":"Inter","title_typography_font_size":{"unit":"px","size":16,"sizes":[]},"title_typography_font_weight":"800","title_typography_line_height":{"unit":"em","size":1.5,"sizes":[]}},"elements":[],"isInner":false,"widgetType":"icon-box","elType":"widget"},{"id":"6e090b5","settings":{"title":"Pro Action Camera","header_size":"h3","_element_custom_width":{"unit":"px","size":93,"sizes":[]},"__globals__":{"title_color":""},"title_color":"#FFFFFF","link":{"url":"#","is_external":"","nofollow":"","custom_attributes":""},"typography_typography":"custom","typography_font_family":"Inter","typography_font_weight":"700","typography_line_height":{"unit":"px","size":36,"sizes":[]}},"elements":[],"isInner":false,"widgetType":"heading","elType":"widget"},{"id":"4d1f80b7","settings":{"text":"Divider","gap":{"unit":"px","size":0,"sizes":[]},"__globals__":{"color":""},"color":"#02010100","_margin":{"unit":"px","top":"0","right":"0","bottom":"0","left":"0","isLinked":false}},"elements":[],"isInner":false,"widgetType":"divider","elType":"widget"},{"id":"e8134d9","settings":{"selected_icon":{"value":"fas fa-chevron-right","library":"fa-solid"},"title_text":"Shop Now","description_text":"","position":"right","title_size":"span","icon_space":{"unit":"px","size":8,"sizes":[]},"icon_size":{"unit":"px","size":14,"sizes":[]},"content_vertical_alignment":"middle","_element_width":"auto","__globals__":{"primary_color":"","title_color":"","title_typography_typography":""},"primary_color":"#05B895","title_color":"#05B895","title_typography_typography":"custom","title_typography_font_family":"Inter","title_typography_font_size":{"unit":"px","size":16,"sizes":[]},"title_typography_font_weight":"500","title_typography_line_height":{"unit":"em","size":1.5,"sizes":[]},"link":{"url":"#","is_external":"","nofollow":"","custom_attributes":""}},"elements":[],"isInner":false,"widgetType":"icon-box","elType":"widget"}],"isInner":true,"elType":"column"}],"isInner":true,"elType":"section"}],"isInner":false,"elType":"column"},{"id":"529145cc","settings":{"_column_size":33,"_inline_size":null,"padding_mobile":{"unit":"px","top":"30","right":"30","bottom":"0","left":"30","isLinked":false},"_inline_size_tablet":50},"elements":[{"id":"7c7ad4f5","settings":{"gap":"wider","height_inner":"min-height","custom_height_inner":{"unit":"px","size":256,"sizes":[]},"background_background":"classic","background_image":{"id":"52","url":"https:\/\/demo.dwtutorial.com\/xtronic\/wp-content\/uploads\/sites\/3\/2021\/10\/gamer-workspace-concept-top-view-creative-photo-EFC77JZ.jpg"},"background_position":"center center","background_xpos":{"unit":"px","size":282,"sizes":[]},"background_ypos":{"unit":"%","size":100,"sizes":[]},"background_repeat":"no-repeat","background_size":"cover","background_hover_background":"classic","background_hover_image":{"url":"","id":"","alt":"","source":"library"},"background_hover_position":"initial","background_hover_xpos":{"unit":"px","size":272,"sizes":[]},"background_hover_ypos":{"unit":"%","size":100,"sizes":[]},"background_hover_size":"contain","background_hover_transition":{"unit":"px","size":1,"sizes":[]},"margin":{"unit":"px","top":"0","right":0,"bottom":"30","left":0,"isLinked":false},"__globals__":{"background_color":"","background_overlay_color":"globals\/colors?id=07414c8","background_overlay_color_b":"globals\/colors?id=a047deb"},"background_position_mobile":"initial","margin_tablet":{"unit":"px","top":"0","right":0,"bottom":"0","left":0,"isLinked":false}},"elements":[{"id":"1d425b85","settings":{"_column_size":100,"_inline_size":null,"content_position":"bottom","column_link":{"url":"#","is_external":"","nofollow":"","custom_attributes":""},"space_between_widgets":0},"elements":[{"id":"64443746","settings":{"selected_icon":{"value":"fas fa-circle","library":"fa-solid"},"title_text":"Pro Gamers","description_text":"","position":"right","title_size":"div","icon_space":{"unit":"px","size":3,"sizes":[]},"icon_size":{"unit":"px","size":6,"sizes":[]},"content_vertical_alignment":"middle","title_bottom_space":{"unit":"px","size":10,"sizes":[]},"_element_width":"auto","__globals__":{"primary_color":"","title_typography_typography":"","title_color":""},"_margin":{"unit":"px","top":"0","right":"0","bottom":"0","left":"0","isLinked":false},"primary_color":"#05B895","title_color":"#282828","title_typography_typography":"custom","title_typography_font_family":"Inter","title_typography_font_size":{"unit":"px","size":16,"sizes":[]},"title_typography_font_weight":"800","title_typography_line_height":{"unit":"em","size":1.5,"sizes":[]}},"elements":[],"isInner":false,"widgetType":"icon-box","elType":"widget"},{"id":"219f8690","settings":{"text":"Divider","color":"#00000000","gap":{"unit":"px","size":0,"sizes":[]}},"elements":[],"isInner":false,"widgetType":"divider","elType":"widget"},{"id":"3948ddc6","settings":{"title":"Sollicitudin Euismod Risus","header_size":"h3","_element_custom_width":{"unit":"px","size":227,"sizes":[]},"__globals__":{"title_color":""},"title_color":"#333333","link":{"url":"#","is_external":"","nofollow":"","custom_attributes":""},"typography_typography":"custom","typography_font_family":"Inter","typography_font_weight":"700","typography_font_size":{"unit":"px","size":28,"sizes":[]},"typography_line_height":{"unit":"px","size":36,"sizes":[]},"_element_width":"initial"},"elements":[],"isInner":false,"widgetType":"heading","elType":"widget"},{"id":"324538c9","settings":{"text":"Divider","gap":{"unit":"px","size":0,"sizes":[]},"__globals__":{"color":""},"color":"#02010100"},"elements":[],"isInner":false,"widgetType":"divider","elType":"widget"},{"id":"2b07f467","settings":{"selected_icon":{"value":"fas fa-chevron-right","library":"fa-solid"},"title_text":"Shop Now","description_text":"","position":"right","title_size":"span","icon_space":{"unit":"px","size":8,"sizes":[]},"icon_size":{"unit":"px","size":14,"sizes":[]},"content_vertical_alignment":"middle","_element_width":"auto","__globals__":{"primary_color":"","title_color":"","title_typography_typography":""},"primary_color":"#282828","title_color":"#282828","title_typography_typography":"custom","title_typography_font_family":"Inter","title_typography_font_size":{"unit":"px","size":16,"sizes":[]},"title_typography_font_weight":"500","title_typography_line_height":{"unit":"em","size":1.5,"sizes":[]},"link":{"url":"#","is_external":"","nofollow":"","custom_attributes":""}},"elements":[],"isInner":false,"widgetType":"icon-box","elType":"widget"}],"isInner":true,"elType":"column"}],"isInner":true,"elType":"section"}],"isInner":false,"elType":"column"},{"id":"55dfb7ce","settings":{"_column_size":33,"_inline_size":null,"padding_mobile":{"unit":"px","top":"30","right":"30","bottom":"0","left":"30","isLinked":false},"_inline_size_tablet":100},"elements":[{"id":"64befe67","settings":{"gap":"wider","height_inner":"min-height","custom_height_inner":{"unit":"px","size":256,"sizes":[]},"background_background":"classic","background_image":{"id":"30","url":"https:\/\/demo.dwtutorial.com\/xtronic\/wp-content\/uploads\/sites\/3\/2021\/10\/smart_watch_fitness__A0lAz.jpg"},"background_position":"center center","background_xpos":{"unit":"px","size":282,"sizes":[]},"background_ypos":{"unit":"%","size":100,"sizes":[]},"background_repeat":"no-repeat","background_size":"cover","background_hover_background":"classic","background_hover_image":{"url":"","id":"","alt":"","source":"library"},"background_hover_position":"initial","background_hover_xpos":{"unit":"px","size":272,"sizes":[]},"background_hover_ypos":{"unit":"%","size":100,"sizes":[]},"background_hover_size":"contain","background_hover_transition":{"unit":"px","size":1,"sizes":[]},"margin":{"unit":"px","top":"0","right":0,"bottom":"30","left":0,"isLinked":false},"__globals__":{"background_color":"globals\/colors?id=d3ae19d","background_overlay_color":"globals\/colors?id=07414c8","background_overlay_color_b":"globals\/colors?id=a047deb"},"background_overlay_background":"gradient","margin_tablet":{"unit":"px","top":"0","right":0,"bottom":"0","left":0,"isLinked":false}},"elements":[{"id":"771e794a","settings":{"_column_size":100,"_inline_size":null,"content_position":"bottom","column_link":{"url":"#","is_external":"","nofollow":"","custom_attributes":""},"space_between_widgets":0},"elements":[{"id":"89b93de","settings":{"selected_icon":{"value":"fas fa-circle","library":"fa-solid"},"title_text":"Smart Watch","description_text":"","position":"right","title_size":"div","icon_space":{"unit":"px","size":3,"sizes":[]},"icon_size":{"unit":"px","size":6,"sizes":[]},"content_vertical_alignment":"middle","title_bottom_space":{"unit":"px","size":10,"sizes":[]},"_element_width":"auto","__globals__":{"primary_color":"","title_typography_typography":"globals\/typography?id=text","title_color":""},"_margin":{"unit":"px","top":"0","right":"0","bottom":"0","left":"0","isLinked":false},"primary_color":"#05B895","title_color":"#FFFFFF","title_typography_typography":"custom","title_typography_font_family":"Inter","title_typography_font_size":{"unit":"px","size":16,"sizes":[]},"title_typography_font_weight":"800","title_typography_line_height":{"unit":"em","size":1.5,"sizes":[]}},"elements":[],"isInner":false,"widgetType":"icon-box","elType":"widget"},{"id":"323dcae6","settings":{"title":"Vulputate Ligula Sit","header_size":"h3","__globals__":{"title_color":""},"title_color":"#FFFFFF","_element_custom_width":{"unit":"px","size":93,"sizes":[]},"link":{"url":"#","is_external":"","nofollow":"","custom_attributes":""},"typography_typography":"custom","typography_font_family":"Inter","typography_font_weight":"700","typography_line_height":{"unit":"px","size":36,"sizes":[]}},"elements":[],"isInner":false,"widgetType":"heading","elType":"widget"},{"id":"2f10ac24","settings":{"text":"Divider","gap":{"unit":"px","size":0,"sizes":[]},"__globals__":{"color":""},"color":"#02010100"},"elements":[],"isInner":false,"widgetType":"divider","elType":"widget"},{"id":"5e6c2546","settings":{"selected_icon":{"value":"fas fa-chevron-right","library":"fa-solid"},"title_text":"Shop Now","description_text":"","position":"right","title_size":"span","icon_space":{"unit":"px","size":8,"sizes":[]},"icon_size":{"unit":"px","size":14,"sizes":[]},"content_vertical_alignment":"middle","_element_width":"auto","__globals__":{"primary_color":"","title_color":"","title_typography_typography":""},"primary_color":"#05B895","title_color":"#05B895","title_typography_typography":"custom","title_typography_font_family":"Inter","title_typography_font_size":{"unit":"px","size":16,"sizes":[]},"title_typography_font_weight":"500","title_typography_line_height":{"unit":"em","size":1.5,"sizes":[]},"link":{"url":"#","is_external":"","nofollow":"","custom_attributes":""}},"elements":[],"isInner":false,"widgetType":"icon-box","elType":"widget"}],"isInner":true,"elType":"column"}],"isInner":true,"elType":"section"}],"isInner":false,"elType":"column"}],"isInner":false,"elType":"section"},{"id":"1968563f","settings":{"gap":"wider","padding":{"unit":"px","top":"0","right":"0","bottom":"96","left":"0","isLinked":false},"padding_tablet":{"unit":"px","top":"0","right":"0","bottom":"0","left":"0","isLinked":false}},"elements":[{"id":"1d26014d","settings":{"_column_size":100,"_inline_size":null,"padding":{"unit":"px","top":"30","right":"30","bottom":"0","left":"30","isLinked":false}},"elements":[{"id":"50121f00","settings":{"gap":"no","margin":{"unit":"px","top":"0","right":0,"bottom":"48","left":0,"isLinked":false}},"elements":[{"id":"1111ecb1","settings":{"_column_size":100,"_inline_size":null,"align":"center","space_between_widgets":0},"elements":[{"id":"706a2384","settings":{"selected_icon":{"value":"fas fa-circle","library":"fa-solid"},"title_text":"Hot Items","description_text":"","position":"right","title_size":"div","icon_space":{"unit":"px","size":3,"sizes":[]},"icon_size":{"unit":"px","size":6,"sizes":[]},"content_vertical_alignment":"middle","title_bottom_space":{"unit":"px","size":10,"sizes":[]},"_element_width":"auto","__globals__":{"primary_color":"","title_typography_typography":"","title_color":""},"_margin":{"unit":"px","top":"0","right":"0","bottom":"0","left":"0","isLinked":false},"primary_color":"#05B895","title_typography_typography":"custom","title_typography_font_family":"Inter","title_typography_font_weight":"800","title_color":"#282828","title_typography_font_size":{"unit":"px","size":16,"sizes":[]},"title_typography_line_height":{"unit":"em","size":1.5,"sizes":[]}},"elements":[],"isInner":false,"widgetType":"icon-box","elType":"widget"},{"id":"5ca548bf","settings":{"text":"Divider","gap":{"unit":"px","size":0,"sizes":[]},"__globals__":{"color":""},"color":"#02010100","_margin":{"unit":"px","top":"0","right":"0","bottom":"0","left":"0","isLinked":false}},"elements":[],"isInner":false,"widgetType":"divider","elType":"widget"},{"id":"3eb90a7d","settings":{"title":"New Arrival","_margin":{"unit":"px","top":"0","right":"0","bottom":"0","left":"0","isLinked":false},"align_mobile":"center","_animation":"fadeInDown","align":"center","title_color":"#282828","typography_typography":"custom","typography_font_family":"Inter","typography_font_size":{"unit":"px","size":50,"sizes":[]},"typography_font_size_tablet":{"unit":"px","size":38,"sizes":[]},"typography_font_weight":"700","typography_text_transform":"capitalize","typography_line_height":{"unit":"em","size":1.1,"sizes":[]},"__globals__":{"title_color":"","typography_typography":""}},"elements":[],"isInner":false,"widgetType":"heading","elType":"widget"}],"isInner":true,"elType":"column"}],"isInner":true,"elType":"section"},{"id":"209d2169","settings":{"gap":"no","margin":{"unit":"px","top":"0","right":0,"bottom":"0","left":0,"isLinked":false},"layout":"full_width"},"elements":[{"id":"323c2368","settings":{"_column_size":100,"_inline_size":null,"content_position":"bottom"},"elements":[{"id":"6c5a4f12","settings":{"rows":2,"align":"center","image_spacing":{"unit":"px","size":16,"sizes":[]},"title_color":"#282828","title_typography_typography":"custom","title_typography_font_family":"Inter","title_typography_font_weight":"600","title_typography_line_height":{"unit":"em","size":"","sizes":[]},"title_spacing":{"unit":"px","size":0,"sizes":[]},"rating_spacing":{"unit":"px","size":0,"sizes":[]},"price_color":"#555555","price_typography_typography":"custom","price_typography_font_family":"Inter","price_typography_font_size":{"unit":"px","size":16,"sizes":[]},"price_typography_font_weight":"400","old_price_color":"#000000","old_price_typography_typography":"custom","old_price_typography_font_family":"Inter","old_price_typography_font_size":{"unit":"px","size":16,"sizes":[]},"old_price_typography_font_weight":"300","button_text_color":"#05B895","button_background_color":"#02010100","button_border_border":"solid","button_border_width":{"unit":"px","top":"0","right":"0","bottom":"1","left":"0","isLinked":false},"button_border_radius":{"unit":"px","top":"0","right":"0","bottom":"0","left":"0","isLinked":true},"button_text_padding":{"unit":"px","top":"0","right":"0","bottom":"0","left":"0","isLinked":true},"button_spacing":{"unit":"px","size":0,"sizes":[]},"onsale_text_background_color":"#05B895","button_typography_typography":"custom","button_typography_font_family":"Inter","button_typography_font_size":{"unit":"px","size":15,"sizes":[]},"button_typography_font_weight":"500"},"elements":[],"isInner":false,"widgetType":"woocommerce-products","elType":"widget"}],"isInner":true,"elType":"column"}],"isInner":true,"elType":"section"}],"isInner":false,"elType":"column"}],"isInner":false,"elType":"section"},{"id":"5daa337","settings":{"gap":"no"},"elements":[{"id":"366eadb9","settings":{"_column_size":100,"_inline_size":null},"elements":[{"id":"5705019a","settings":{"gap":"wider","structure":"60"},"elements":[{"id":"c14a25","settings":{"_column_size":16,"_inline_size":null,"content_position":"center","_inline_size_mobile":50},"elements":[{"id":"78ce888a","settings":{"image":{"id":"53","url":"https:\/\/demo.dwtutorial.com\/xtronic\/wp-content\/uploads\/sites\/3\/2021\/10\/custom-logo14-by-rio.png"},"width":{"unit":"%","size":77,"sizes":[]},"opacity":{"unit":"px","size":0.4,"sizes":[]},"_background_background":"classic"},"elements":[],"isInner":false,"widgetType":"image","elType":"widget"}],"isInner":true,"elType":"column"},{"id":"6fc70a58","settings":{"_column_size":16,"_inline_size":null,"content_position":"center","_inline_size_mobile":50},"elements":[{"id":"33dbd293","settings":{"image":{"id":"54","url":"https:\/\/demo.dwtutorial.com\/xtronic\/wp-content\/uploads\/sites\/3\/2021\/10\/custom-logo11-by-rio.png"},"width":{"unit":"%","size":77,"sizes":[]},"opacity":{"unit":"px","size":0.4,"sizes":[]},"_background_background":"classic"},"elements":[],"isInner":false,"widgetType":"image","elType":"widget"}],"isInner":true,"elType":"column"},{"id":"6a33dd6f","settings":{"_column_size":16,"_inline_size":null,"content_position":"center","_inline_size_mobile":50},"elements":[{"id":"5890a808","settings":{"image":{"id":"55","url":"https:\/\/demo.dwtutorial.com\/xtronic\/wp-content\/uploads\/sites\/3\/2021\/10\/custom-logo9-by-rio-1.png"},"width":{"unit":"%","size":77,"sizes":[]},"opacity":{"unit":"px","size":0.4,"sizes":[]},"_background_background":"classic"},"elements":[],"isInner":false,"widgetType":"image","elType":"widget"}],"isInner":true,"elType":"column"},{"id":"173ad306","settings":{"_column_size":16,"_inline_size":null,"content_position":"center","_inline_size_mobile":50},"elements":[{"id":"2a77dbc6","settings":{"image":{"id":"56","url":"https:\/\/demo.dwtutorial.com\/xtronic\/wp-content\/uploads\/sites\/3\/2021\/10\/custom-logo10-by-rio-1.png"},"width":{"unit":"%","size":77,"sizes":[]},"opacity":{"unit":"px","size":0.4,"sizes":[]},"_background_background":"classic"},"elements":[],"isInner":false,"widgetType":"image","elType":"widget"}],"isInner":true,"elType":"column"},{"id":"37ef6d57","settings":{"_column_size":16,"_inline_size":null,"content_position":"center","_inline_size_mobile":50},"elements":[{"id":"1b002f3a","settings":{"image":{"id":"57","url":"https:\/\/demo.dwtutorial.com\/xtronic\/wp-content\/uploads\/sites\/3\/2021\/10\/custom-logo8-by-rio-1.png"},"width":{"unit":"%","size":77,"sizes":[]},"opacity":{"unit":"px","size":0.4,"sizes":[]},"_background_background":"classic"},"elements":[],"isInner":false,"widgetType":"image","elType":"widget"}],"isInner":true,"elType":"column"},{"id":"44591b72","settings":{"_column_size":16,"_inline_size":null,"content_position":"center","_inline_size_mobile":50},"elements":[{"id":"4df53f62","settings":{"image":{"id":"58","url":"https:\/\/demo.dwtutorial.com\/xtronic\/wp-content\/uploads\/sites\/3\/2021\/10\/custom-logo5-by-rio-1.png"},"width":{"unit":"%","size":77,"sizes":[]},"opacity":{"unit":"px","size":0.4,"sizes":[]},"_background_background":"classic"},"elements":[],"isInner":false,"widgetType":"image","elType":"widget"}],"isInner":true,"elType":"column"}],"isInner":true,"elType":"section"},{"id":"59c8c65","settings":{"gap":"wider","structure":"60"},"elements":[{"id":"88d0e60","settings":{"_column_size":16,"_inline_size":null,"content_position":"center","_inline_size_mobile":50},"elements":[{"id":"52345134","settings":{"image":{"id":"59","url":"https:\/\/demo.dwtutorial.com\/xtronic\/wp-content\/uploads\/sites\/3\/2021\/10\/custom-logo7-by-rio-1.png"},"width":{"unit":"%","size":77,"sizes":[]},"opacity":{"unit":"px","size":0.4,"sizes":[]},"_background_background":"classic"},"elements":[],"isInner":false,"widgetType":"image","elType":"widget"}],"isInner":true,"elType":"column"},{"id":"3c700cf9","settings":{"_column_size":16,"_inline_size":null,"content_position":"center","_inline_size_mobile":50},"elements":[{"id":"71bf7301","settings":{"image":{"id":"60","url":"https:\/\/demo.dwtutorial.com\/xtronic\/wp-content\/uploads\/sites\/3\/2021\/10\/custom-logo6-by-rio-1.png"},"width":{"unit":"%","size":77,"sizes":[]},"opacity":{"unit":"px","size":0.4,"sizes":[]},"_background_background":"classic"},"elements":[],"isInner":false,"widgetType":"image","elType":"widget"}],"isInner":true,"elType":"column"},{"id":"5d7b382d","settings":{"_column_size":16,"_inline_size":null,"content_position":"center","_inline_size_mobile":50},"elements":[{"id":"667e5867","settings":{"image":{"id":"58","url":"https:\/\/demo.dwtutorial.com\/xtronic\/wp-content\/uploads\/sites\/3\/2021\/10\/custom-logo5-by-rio-1.png"},"width":{"unit":"%","size":77,"sizes":[]},"opacity":{"unit":"px","size":0.4,"sizes":[]},"_background_background":"classic"},"elements":[],"isInner":false,"widgetType":"image","elType":"widget"}],"isInner":true,"elType":"column"},{"id":"131559af","settings":{"_column_size":16,"_inline_size":null,"content_position":"center","_inline_size_mobile":50},"elements":[{"id":"6b5060d2","settings":{"image":{"id":"61","url":"https:\/\/demo.dwtutorial.com\/xtronic\/wp-content\/uploads\/sites\/3\/2021\/10\/custom-logo4-by-rio-1.png"},"width":{"unit":"%","size":77,"sizes":[]},"opacity":{"unit":"px","size":0.4,"sizes":[]},"_background_background":"classic"},"elements":[],"isInner":false,"widgetType":"image","elType":"widget"}],"isInner":true,"elType":"column"},{"id":"52f80871","settings":{"_column_size":16,"_inline_size":null,"content_position":"center","_inline_size_mobile":50},"elements":[{"id":"1ac41b72","settings":{"image":{"id":"53","url":"https:\/\/demo.dwtutorial.com\/xtronic\/wp-content\/uploads\/sites\/3\/2021\/10\/custom-logo14-by-rio.png"},"width":{"unit":"%","size":77,"sizes":[]},"opacity":{"unit":"px","size":0.4,"sizes":[]},"_background_background":"classic"},"elements":[],"isInner":false,"widgetType":"image","elType":"widget"}],"isInner":true,"elType":"column"},{"id":"55ac1062","settings":{"_column_size":16,"_inline_size":null,"content_position":"center","_inline_size_mobile":50},"elements":[{"id":"6de51ecb","settings":{"image":{"id":"54","url":"https:\/\/demo.dwtutorial.com\/xtronic\/wp-content\/uploads\/sites\/3\/2021\/10\/custom-logo11-by-rio.png"},"width":{"unit":"%","size":77,"sizes":[]},"opacity":{"unit":"px","size":0.4,"sizes":[]},"_background_background":"classic"},"elements":[],"isInner":false,"widgetType":"image","elType":"widget"}],"isInner":true,"elType":"column"}],"isInner":true,"elType":"section"}],"isInner":false,"elType":"column"}],"isInner":false,"elType":"section"},{"id":"5f1b868a","settings":{"gap":"wider","padding":{"unit":"px","top":"48","right":"0","bottom":"48","left":"0","isLinked":false},"padding_tablet":{"unit":"px","top":"48","right":"0","bottom":"48","left":"0","isLinked":false},"_ob_glider_nav_pos_y_alt":"50% - 25px","_ob_glider_nav_pos_x_prev_alt":"0%","_ob_glider_nav_pos_x_next_alt":"0%","content_width":{"unit":"px","size":1473,"sizes":[]}},"elements":[{"id":"3c75aa64","settings":{"_column_size":100,"_inline_size":null,"column_link":{"url":"#","is_external":"","nofollow":"","custom_attributes":""}},"elements":[{"id":"696cf9ec","settings":{"gap":"wider","height_inner":"min-height","custom_height_inner_mobile":{"unit":"px","size":700,"sizes":[]},"structure":"20","background_background":"classic","background_image":{"id":"13","url":"https:\/\/demo.dwtutorial.com\/xtronic\/wp-content\/uploads\/sites\/3\/2021\/10\/man-playing-games-with-vr-goggles-2SWFZT6_2-1.jpg"},"background_position":"center center","background_size":"cover","margin":{"unit":"px","top":"0","right":0,"bottom":"0","left":0,"isLinked":false},"padding":{"unit":"px","top":"64","right":"64","bottom":"64","left":"64","isLinked":true},"padding_mobile":{"unit":"px","top":"0","right":"0","bottom":"0","left":"0","isLinked":false},"custom_height_inner":{"unit":"px","size":368,"sizes":[]},"_ob_bbad_inner_width":"100%","_ob_glider_nav_pos_y_alt":"50% - 25px","_ob_glider_nav_pos_x_prev_alt":"0%","_ob_glider_nav_pos_x_next_alt":"0%","background_repeat":"no-repeat","background_xpos":{"unit":"%","size":50,"sizes":[]},"background_ypos":{"unit":"px","size":50,"sizes":[]},"__globals__":{"background_color":"globals\/colors?id=d3ae19d"},"padding_tablet":{"unit":"px","top":"0","right":"0","bottom":"0","left":"0","isLinked":false}},"elements":[{"id":"69e62fe1","settings":{"_column_size":50,"_inline_size":null,"content_position":"center","align_mobile":"center"},"elements":[{"id":"2bc7bc65","settings":{"selected_icon":{"value":"fas fa-circle","library":"fa-solid"},"title_text":"End Year Sale","description_text":"","position":"right","title_size":"div","icon_space":{"unit":"px","size":3,"sizes":[]},"icon_size":{"unit":"px","size":6,"sizes":[]},"content_vertical_alignment":"middle","title_bottom_space":{"unit":"px","size":10,"sizes":[]},"_element_width":"auto","__globals__":{"primary_color":"","title_typography_typography":"globals\/typography?id=text","title_color":""},"_margin":{"unit":"px","top":"0","right":"0","bottom":"0","left":"0","isLinked":false},"primary_color":"#05B895","title_color":"#FFFFFF","title_typography_typography":"custom","title_typography_font_family":"Inter","title_typography_font_size":{"unit":"px","size":16,"sizes":[]},"title_typography_font_weight":"800","title_typography_line_height":{"unit":"em","size":1.5,"sizes":[]}},"elements":[],"isInner":false,"widgetType":"icon-box","elType":"widget"},{"id":"51c6c376","settings":{"title":"All items<br>40% off","header_size":"h3","align_mobile":"center","__globals__":{"title_color":""},"title_color":"#FFFFFF","typography_typography":"custom","typography_font_family":"Inter","typography_font_size":{"unit":"px","size":28,"sizes":[]},"typography_font_weight":"700","typography_line_height":{"unit":"px","size":36,"sizes":[]}},"elements":[],"isInner":false,"widgetType":"heading","elType":"widget"}],"isInner":true,"elType":"column"},{"id":"68608fe0","settings":{"_column_size":50,"_inline_size":null,"content_position_mobile":"bottom","content_position":"center"},"elements":[{"id":"6f50e271","settings":{"title":"Buy now","header_size":"div","align":"right","align_mobile":"center","_margin":{"unit":"px","top":"0","right":"0","bottom":"0","left":"0","isLinked":false},"__globals__":{"typography_typography":"globals\/typography?id=text","title_color":""},"title_color":"#FFFFFF"},"elements":[],"isInner":false,"widgetType":"heading","elType":"widget"},{"id":"604e5e80","settings":{"title":"Limited offer <br\/> ends tonight","header_size":"h3","align":"right","align_mobile":"center","__globals__":{"title_color":""},"title_color":"#FFFFFF","typography_typography":"custom","typography_font_family":"Inter","typography_font_size":{"unit":"px","size":28,"sizes":[]},"typography_font_weight":"700","typography_line_height":{"unit":"px","size":36,"sizes":[]}},"elements":[],"isInner":false,"widgetType":"heading","elType":"widget"}],"isInner":true,"elType":"column"}],"isInner":true,"elType":"section"}],"isInner":false,"elType":"column"}],"isInner":false,"elType":"section"},{"id":"14f51cb4","settings":{"gap":"wider","padding":{"unit":"px","top":"0","right":"0","bottom":"96","left":"0","isLinked":false},"padding_tablet":{"unit":"px","top":"0","right":"0","bottom":"48","left":"0","isLinked":false}},"elements":[{"id":"71d1bfd0","settings":{"_column_size":100,"_inline_size":null,"padding":{"unit":"px","top":"30","right":"30","bottom":"0","left":"30","isLinked":false}},"elements":[{"id":"5753fabd","settings":{"gap":"no","margin":{"unit":"px","top":"0","right":0,"bottom":"48","left":0,"isLinked":false},"structure":"20","layout":"full_width"},"elements":[{"id":"58a86302","settings":{"_column_size":50,"_inline_size":44.765,"_inline_size_tablet":40,"align_mobile":"center","space_between_widgets":0},"elements":[{"id":"1807ed55","settings":{"selected_icon":{"value":"fas fa-circle","library":"fa-solid"},"title_text":"Grab Fast","description_text":"","position":"right","title_size":"div","icon_space":{"unit":"px","size":3,"sizes":[]},"icon_size":{"unit":"px","size":6,"sizes":[]},"content_vertical_alignment":"middle","title_bottom_space":{"unit":"px","size":10,"sizes":[]},"_element_width":"auto","__globals__":{"primary_color":"","title_typography_typography":"","title_color":""},"_margin":{"unit":"px","top":"0","right":"0","bottom":"0","left":"0","isLinked":false},"primary_color":"#05B895","title_color":"#282828","title_typography_typography":"custom","title_typography_font_family":"Inter","title_typography_font_size":{"unit":"px","size":16,"sizes":[]},"title_typography_font_weight":"800","title_typography_line_height":{"unit":"em","size":1.5,"sizes":[]}},"elements":[],"isInner":false,"widgetType":"icon-box","elType":"widget"},{"id":"5ce63d6a","settings":{"text":"Divider","gap":{"unit":"px","size":0,"sizes":[]},"__globals__":{"color":""},"color":"#02010100"},"elements":[],"isInner":false,"widgetType":"divider","elType":"widget"},{"id":"5d7e57d8","settings":{"title":"Featured Savings","_margin":{"unit":"px","top":"0","right":"0","bottom":"0","left":"0","isLinked":false},"align_mobile":"center","_animation":"fadeInDown","align":"left","title_color":"#282828","__globals__":{"title_color":""},"typography_typography":"custom","typography_font_family":"Roboto","typography_font_size":{"unit":"px","size":50,"sizes":[]},"typography_font_weight":"700"},"elements":[],"isInner":false,"widgetType":"heading","elType":"widget"}],"isInner":true,"elType":"column"},{"id":"2856213f","settings":{"_column_size":50,"_inline_size":55.235,"content_position":"bottom","align":"flex-end","_inline_size_tablet":60,"align_mobile":"center","padding_mobile":{"unit":"px","top":"30","right":"0","bottom":"0","left":"0","isLinked":false}},"elements":[{"id":"666157a9","settings":{"title":"Deal ends in","header_size":"div","_margin":{"unit":"px","top":"0","right":"24","bottom":"10","left":"0","isLinked":false},"_element_width":"auto","__globals__":{"typography_typography":"","title_color":""},"align_tablet":"right","_margin_tablet":{"unit":"px","top":"0","right":"0","bottom":"20","left":"0","isLinked":false},"_element_width_tablet":"initial","_element_custom_width_tablet":{"unit":"px","size":115,"sizes":[]},"title_color":"#05B895","typography_typography":"custom","typography_font_family":"Inter","typography_font_size":{"unit":"px","size":16,"sizes":[]},"typography_font_weight":"800","typography_line_height":{"unit":"em","size":1.5,"sizes":[]}},"elements":[],"isInner":false,"widgetType":"heading","elType":"widget"},{"id":"76df9e98","settings":{"countdown_type":"evergreen","evergreen_counter_hours":22,"evergreen_counter_minutes":47,"label_display":"inline","show_days":"","label_days":"Days","label_hours":"Hours","label_minutes":"Minutes","label_seconds":"Seconds","container_width":{"unit":"px","size":"","sizes":[]},"box_padding":{"unit":"px","top":"8","right":"0","bottom":"8","left":"0","isLinked":false},"_padding":{"unit":"px","top":"0","right":"24","bottom":"0","left":"24","isLinked":false},"_background_background":"classic","_element_width":"initial","_element_custom_width":{"unit":"px","size":325,"sizes":[]},"__globals__":{"digits_color":"","box_background_color":"","digits_typography_typography":"","label_typography_typography":"","_background_color":""},"_element_custom_width_mobile":{"unit":"px","size":356,"sizes":[]},"due_date":"2021-10-22 15:32","box_background_color":"#05B895","digits_color":"#FFFFFF","digits_typography_typography":"custom","digits_typography_font_family":"Inter","digits_typography_font_size":{"unit":"px","size":21,"sizes":[]},"digits_typography_font_size_tablet":{"unit":"px","size":18,"sizes":[]},"digits_typography_font_weight":"700","digits_typography_text_transform":"capitalize","digits_typography_line_height":{"unit":"em","size":1.4,"sizes":[]},"label_typography_typography":"custom","label_typography_font_family":"Inter","label_typography_font_size":{"unit":"px","size":13,"sizes":[]},"label_typography_font_weight":"400","label_typography_font_style":"normal","label_typography_line_height":{"unit":"em","size":1.5,"sizes":[]},"_background_color":"#05B895"},"elements":[],"isInner":false,"widgetType":"countdown","elType":"widget"}],"isInner":true,"elType":"column"}],"isInner":true,"elType":"section"},{"id":"2acb0ca0","settings":{"gap":"no","margin":{"unit":"px","top":"0","right":0,"bottom":"0","left":0,"isLinked":false},"layout":"full_width"},"elements":[{"id":"713625ba","settings":{"_column_size":100,"_inline_size":null,"content_position":"bottom"},"elements":[{"id":"1ad01a29","settings":{"rows":2,"query_post_type":"sale","align":"center","image_spacing":{"unit":"px","size":16,"sizes":[]},"title_color":"#282828","title_typography_typography":"custom","title_typography_font_family":"Inter","title_typography_font_weight":"600","title_typography_line_height":{"unit":"em","size":"","sizes":[]},"title_spacing":{"unit":"px","size":0,"sizes":[]},"rating_spacing":{"unit":"px","size":0,"sizes":[]},"price_color":"#555555","price_typography_typography":"custom","price_typography_font_family":"Inter","price_typography_font_size":{"unit":"px","size":16,"sizes":[]},"price_typography_font_weight":"400","old_price_color":"#000000","old_price_typography_typography":"custom","old_price_typography_font_family":"Inter","old_price_typography_font_size":{"unit":"px","size":16,"sizes":[]},"old_price_typography_font_weight":"300","button_text_color":"#05B895","button_background_color":"#02010100","button_border_border":"solid","button_border_width":{"unit":"px","top":"0","right":"0","bottom":"1","left":"0","isLinked":false},"button_border_radius":{"unit":"px","top":"0","right":"0","bottom":"0","left":"0","isLinked":true},"button_text_padding":{"unit":"px","top":"0","right":"0","bottom":"0","left":"0","isLinked":true},"button_spacing":{"unit":"px","size":0,"sizes":[]},"onsale_text_background_color":"#05B895","button_typography_typography":"custom","button_typography_font_family":"Inter","button_typography_font_size":{"unit":"px","size":15,"sizes":[]},"button_typography_font_weight":"500"},"elements":[],"isInner":false,"widgetType":"woocommerce-products","elType":"widget"}],"isInner":true,"elType":"column"}],"isInner":true,"elType":"section"}],"isInner":false,"elType":"column"}],"isInner":false,"elType":"section"},{"id":"46bfce0a","settings":{"structure":"20","padding":{"unit":"px","top":"0","right":"20","bottom":"48","left":"20","isLinked":false},"z_index":20,"content_width":{"unit":"px","size":1270,"sizes":[]},"layout":"full_width"},"elements":[{"id":"74a49e74","settings":{"_column_size":50,"_inline_size":null},"elements":[{"id":"66c7262f","settings":{"gap":"wider","height_inner":"min-height","background_background":"classic","background_image":{"id":"30","url":"https:\/\/demo.dwtutorial.com\/xtronic\/wp-content\/uploads\/sites\/3\/2021\/10\/smart_watch_fitness__A0lAz.jpg"},"background_position":"center center","background_xpos":{"unit":"px","size":282,"sizes":[]},"background_ypos":{"unit":"%","size":100,"sizes":[]},"background_repeat":"no-repeat","background_size":"cover","background_hover_background":"classic","background_hover_image":{"url":"","id":"","alt":"","source":"library"},"background_hover_position":"initial","background_hover_xpos":{"unit":"px","size":272,"sizes":[]},"background_hover_ypos":{"unit":"%","size":100,"sizes":[]},"background_hover_size":"contain","background_hover_transition":{"unit":"px","size":1,"sizes":[]},"margin":{"unit":"px","top":"0","right":0,"bottom":"30","left":0,"isLinked":false},"__globals__":{"background_color":"globals\/colors?id=d3ae19d","background_overlay_color":"globals\/colors?id=07414c8","background_overlay_color_b":"globals\/colors?id=a047deb"},"background_overlay_background":"gradient"},"elements":[{"id":"3c928588","settings":{"_column_size":100,"_inline_size":null,"content_position":"bottom","column_link":{"url":"#","is_external":"","nofollow":"","custom_attributes":""},"space_between_widgets":0},"elements":[{"id":"3b87c5f4","settings":{"selected_icon":{"value":"fas fa-circle","library":"fa-solid"},"title_text":"Smart Watch","description_text":"","position":"right","title_size":"div","icon_space":{"unit":"px","size":3,"sizes":[]},"icon_size":{"unit":"px","size":6,"sizes":[]},"content_vertical_alignment":"middle","title_bottom_space":{"unit":"px","size":10,"sizes":[]},"_element_width":"auto","__globals__":{"primary_color":"","title_typography_typography":"","title_color":""},"_margin":{"unit":"px","top":"0","right":"0","bottom":"0","left":"0","isLinked":false},"primary_color":"#05B895","title_color":"#FFFFFF","title_typography_typography":"custom","title_typography_font_family":"Inter","title_typography_font_size":{"unit":"px","size":16,"sizes":[]},"title_typography_font_weight":"800","title_typography_line_height":{"unit":"em","size":1.5,"sizes":[]}},"elements":[],"isInner":false,"widgetType":"icon-box","elType":"widget"},{"id":"749e3614","settings":{"title":"Vulputate Ligula Sit","header_size":"h3","__globals__":{"title_color":""},"title_color":"#FFFFFF","typography_font_family":"Inter","typography_font_size":{"unit":"px","size":28,"sizes":[]},"typography_font_weight":"700","typography_line_height":{"unit":"px","size":36,"sizes":[]},"typography_typography":"custom"},"elements":[],"isInner":false,"widgetType":"heading","elType":"widget"},{"id":"47a6b2d8","settings":{"text":"Divider","gap":{"unit":"px","size":0,"sizes":[]},"__globals__":{"color":""},"color":"#02010100"},"elements":[],"isInner":false,"widgetType":"divider","elType":"widget"},{"id":"1ed29913","settings":{"selected_icon":{"value":"fas fa-chevron-right","library":"fa-solid"},"title_text":"Shop Now","description_text":"","position":"right","title_size":"span","icon_space":{"unit":"px","size":8,"sizes":[]},"icon_size":{"unit":"px","size":14,"sizes":[]},"content_vertical_alignment":"middle","_element_width":"auto","__globals__":{"primary_color":"","title_color":"","title_typography_typography":""},"primary_color":"#05B895","title_color":"#05B895","title_typography_typography":"custom","title_typography_font_family":"Inter","title_typography_font_size":{"unit":"px","size":16,"sizes":[]},"title_typography_font_weight":"500","title_typography_line_height":{"unit":"em","size":1.5,"sizes":[]}},"elements":[],"isInner":false,"widgetType":"icon-box","elType":"widget"}],"isInner":true,"elType":"column"}],"isInner":true,"elType":"section"}],"isInner":false,"elType":"column"},{"id":"76f5e15f","settings":{"_column_size":50,"_inline_size":null},"elements":[{"id":"f258899","settings":{"gap":"wider","height_inner":"min-height","background_background":"classic","background_image":{"id":"52","url":"https:\/\/demo.dwtutorial.com\/xtronic\/wp-content\/uploads\/sites\/3\/2021\/10\/gamer-workspace-concept-top-view-creative-photo-EFC77JZ.jpg"},"background_position":"center center","background_xpos":{"unit":"px","size":282,"sizes":[]},"background_ypos":{"unit":"%","size":100,"sizes":[]},"background_repeat":"no-repeat","background_size":"cover","background_hover_background":"classic","background_hover_image":{"url":"","id":"","alt":"","source":"library"},"background_hover_position":"initial","background_hover_xpos":{"unit":"px","size":272,"sizes":[]},"background_hover_ypos":{"unit":"%","size":100,"sizes":[]},"background_hover_size":"contain","background_hover_transition":{"unit":"px","size":1,"sizes":[]},"margin":{"unit":"px","top":"0","right":0,"bottom":"30","left":0,"isLinked":false},"__globals__":{"background_color":"globals\/colors?id=d3ae19d","background_overlay_color":"globals\/colors?id=07414c8","background_overlay_color_b":"globals\/colors?id=a047deb"}},"elements":[{"id":"3d392da7","settings":{"_column_size":100,"_inline_size":null,"content_position":"bottom","column_link":{"url":"#","is_external":"","nofollow":"","custom_attributes":""},"space_between_widgets":0},"elements":[{"id":"72d8e898","settings":{"selected_icon":{"value":"fas fa-circle","library":"fa-solid"},"title_text":"Pro Gamers","description_text":"","position":"right","title_size":"div","icon_space":{"unit":"px","size":3,"sizes":[]},"icon_size":{"unit":"px","size":6,"sizes":[]},"content_vertical_alignment":"middle","title_bottom_space":{"unit":"px","size":10,"sizes":[]},"_element_width":"auto","__globals__":{"primary_color":"","title_typography_typography":"","title_color":""},"_margin":{"unit":"px","top":"0","right":"0","bottom":"0","left":"0","isLinked":false},"primary_color":"#05B895","title_color":"#282828","title_typography_typography":"custom","title_typography_font_family":"Inter","title_typography_font_size":{"unit":"px","size":16,"sizes":[]},"title_typography_font_weight":"800","title_typography_line_height":{"unit":"em","size":1.5,"sizes":[]}},"elements":[],"isInner":false,"widgetType":"icon-box","elType":"widget"},{"id":"6a37a80b","settings":{"text":"Divider","gap":{"unit":"px","size":1,"sizes":[]},"__globals__":{"color":""},"color":"#02010100"},"elements":[],"isInner":false,"widgetType":"divider","elType":"widget"},{"id":"525e99d2","settings":{"title":"Sollicitudin Euismod Risus","header_size":"h3","__globals__":{"title_color":""},"title_color":"#333333","typography_font_family":"Inter","typography_font_weight":"700","typography_typography":"custom","typography_font_size":{"unit":"px","size":28,"sizes":[]},"typography_line_height":{"unit":"px","size":36,"sizes":[]},"_element_width":"initial","_element_custom_width":{"unit":"px","size":222,"sizes":[]}},"elements":[],"isInner":false,"widgetType":"heading","elType":"widget"},{"id":"2bdf8ecc","settings":{"text":"Divider","gap":{"unit":"px","size":0,"sizes":[]},"__globals__":{"color":""},"color":"#02010100"},"elements":[],"isInner":false,"widgetType":"divider","elType":"widget"},{"id":"6374e50c","settings":{"selected_icon":{"value":"fas fa-chevron-right","library":"fa-solid"},"title_text":"Shop Now","description_text":"","position":"right","title_size":"span","icon_space":{"unit":"px","size":8,"sizes":[]},"icon_size":{"unit":"px","size":14,"sizes":[]},"content_vertical_alignment":"middle","_element_width":"auto","__globals__":{"primary_color":"","title_color":"","title_typography_typography":""},"primary_color":"#282828","title_color":"#282828","title_typography_typography":"custom","title_typography_font_family":"Inter","title_typography_font_size":{"unit":"px","size":16,"sizes":[]},"title_typography_font_weight":"500","title_typography_line_height":{"unit":"em","size":1.5,"sizes":[]}},"elements":[],"isInner":false,"widgetType":"icon-box","elType":"widget"}],"isInner":true,"elType":"column"}],"isInner":true,"elType":"section"}],"isInner":false,"elType":"column"}],"isInner":false,"elType":"section"},{"id":"63eb0b04","settings":{"gap":"no","padding":{"unit":"px","top":"0","right":"0","bottom":"48","left":"0","isLinked":false}},"elements":[{"id":"28681c3b","settings":{"_column_size":100,"_inline_size":null},"elements":[{"id":"23790dbf","settings":{"gap":"wider","layout":"full_width"},"elements":[{"id":"6ba5676d","settings":{"_column_size":100,"_inline_size":null,"padding":{"unit":"px","top":"30","right":"30","bottom":"0","left":"30","isLinked":false}},"elements":[{"id":"260f52b2","settings":{"title":"Smartphone &amp; Tablet","_margin":{"unit":"px","top":"0","right":"0","bottom":"0","left":"0","isLinked":false},"align_mobile":"center","_animation":"fadeInDown","align":"left","header_size":"h4","title_color":"#282828","__globals__":{"title_color":""},"typography_typography":"custom","typography_font_family":"Inter","typography_font_size":{"unit":"px","size":28,"sizes":[]},"typography_font_weight":"700","typography_line_height":{"unit":"em","size":1.5,"sizes":[]}},"elements":[],"isInner":false,"widgetType":"heading","elType":"widget"}],"isInner":true,"elType":"column"}],"isInner":true,"elType":"section"},{"id":"9d3687c","settings":{"gap":"wider","structure":"20","layout":"full_width"},"elements":[{"id":"560fb997","settings":{"_column_size":50,"_inline_size":36.864,"padding":{"unit":"px","top":"30","right":"0","bottom":"30","left":"30","isLinked":false},"_inline_size_tablet":100,"padding_mobile":{"unit":"px","top":"30","right":"30","bottom":"30","left":"30","isLinked":true},"color_link":"#FFFFFF"},"elements":[{"id":"6fcbcdc6","settings":{"skin":"cover","bg_image":{"id":67,"url":"https:\/\/demo.dwtutorial.com\/xtronic\/wp-content\/uploads\/sites\/3\/2021\/10\/shiwa-id-Uae7ouMw91A-unsplash.jpg"},"title":"Note X5 Pro","description":"","title_tag":"h5","button":"Preorder Now","min-height":{"unit":"px","size":645,"sizes":[]},"vertical_position":"bottom","content_animation":"move-up","__globals__":{"button_hover_text_color":"globals\/colors?id=secondary","button_hover_background_color":"","button_text_color":"globals\/colors?id=secondary","button_border_color":"","button_background_color":""},"padding":{"unit":"px","top":"17","right":"17","bottom":"17","left":"17","isLinked":true},"min-height_tablet":{"unit":"px","size":1000,"sizes":[]},"min-height_mobile":{"unit":"px","size":400,"sizes":[]},"graphic_image":{"id":"62","url":"https:\/\/demo.dwtutorial.com\/xtronic\/wp-content\/uploads\/sites\/3\/2021\/10\/placeholder-1.png"},"button_text_color":"#FFFFFF","button_hover_text_color":"#54595F","overlay_color":"#72494900"},"elements":[],"isInner":false,"widgetType":"call-to-action","elType":"widget"}],"isInner":true,"elType":"column"},{"id":"2d93b3c8","settings":{"_column_size":50,"_inline_size":63.136,"padding":{"unit":"px","top":"30","right":"30","bottom":"30","left":"24","isLinked":false},"_inline_size_tablet":100},"elements":[{"id":"72fe2ffa","settings":{"rows":2,"align":"center","image_spacing":{"unit":"px","size":16,"sizes":[]},"title_color":"#282828","title_typography_typography":"custom","title_typography_font_family":"Inter","title_typography_font_weight":"600","title_typography_line_height":{"unit":"em","size":"","sizes":[]},"title_spacing":{"unit":"px","size":0,"sizes":[]},"rating_spacing":{"unit":"px","size":0,"sizes":[]},"price_color":"#555555","price_typography_typography":"custom","price_typography_font_family":"Inter","price_typography_font_size":{"unit":"px","size":16,"sizes":[]},"price_typography_font_weight":"400","old_price_color":"#000000","old_price_typography_typography":"custom","old_price_typography_font_family":"Inter","old_price_typography_font_size":{"unit":"px","size":16,"sizes":[]},"old_price_typography_font_weight":"300","button_text_color":"#05B895","button_background_color":"#02010100","button_border_border":"solid","button_border_width":{"unit":"px","top":"0","right":"0","bottom":"1","left":"0","isLinked":false},"button_border_radius":{"unit":"px","top":"0","right":"0","bottom":"0","left":"0","isLinked":true},"button_text_padding":{"unit":"px","top":"0","right":"0","bottom":"0","left":"0","isLinked":true},"button_spacing":{"unit":"px","size":0,"sizes":[]},"onsale_text_background_color":"#05B895","button_typography_typography":"custom","button_typography_font_family":"Inter","button_typography_font_size":{"unit":"px","size":15,"sizes":[]},"button_typography_font_weight":"500","star_color":"#05B895"},"elements":[],"isInner":false,"widgetType":"woocommerce-products","elType":"widget"}],"isInner":true,"elType":"column"}],"isInner":true,"elType":"section"}],"isInner":false,"elType":"column"}],"isInner":false,"elType":"section"},{"id":"55604098","settings":{"gap":"wider","structure":"50","background_background":"classic","padding":{"unit":"px","top":"48","right":"0","bottom":"48","left":"0","isLinked":false},"__globals__":{"background_color":""},"background_color":"#282828"},"elements":[{"id":"224d8465","settings":{"_column_size":20,"_inline_size":null,"_inline_size_tablet":33,"_inline_size_mobile":50},"elements":[{"id":"3b50017c","settings":{"selected_icon":{"value":"fas fa-wallet","library":"fa-solid"},"title_text":"Money back guarantee\u200b","description_text":"","position":"left","title_size":"h6","icon_size":{"unit":"px","size":26,"sizes":[]},"__globals__":{"primary_color":"","title_color":"","title_typography_typography":""},"icon_space":{"unit":"px","size":24,"sizes":[]},"text_align":"left","content_vertical_alignment":"middle","primary_color":"#FFFFFF","title_color":"#FFFFFF","title_typography_typography":"custom","title_typography_font_family":"Inter","title_typography_font_size":{"unit":"px","size":16,"sizes":[]},"title_typography_font_weight":"700","title_typography_text_transform":"capitalize","title_typography_font_style":"normal","title_typography_line_height":{"unit":"em","size":1.5,"sizes":[]},"text_align_mobile":"center"},"elements":[],"isInner":false,"widgetType":"icon-box","elType":"widget"}],"isInner":false,"elType":"column"},{"id":"7c24e434","settings":{"_column_size":20,"_inline_size":null,"_inline_size_tablet":33,"_inline_size_mobile":50},"elements":[{"id":"1002d04d","settings":{"selected_icon":{"value":"fas fa-truck","library":"fa-solid"},"title_text":"Delivered in 24 hours","description_text":"","position":"left","title_size":"h6","icon_size":{"unit":"px","size":26,"sizes":[]},"__globals__":{"primary_color":"","title_color":"","title_typography_typography":""},"icon_space":{"unit":"px","size":24,"sizes":[]},"text_align":"left","content_vertical_alignment":"middle","primary_color":"#FFFFFF","title_color":"#FFFFFF","title_typography_typography":"custom","title_typography_font_family":"Inter","title_typography_font_size":{"unit":"px","size":16,"sizes":[]},"title_typography_font_weight":"700","title_typography_text_transform":"capitalize","title_typography_font_style":"normal","title_typography_line_height":{"unit":"em","size":1.5,"sizes":[]},"text_align_mobile":"center"},"elements":[],"isInner":false,"widgetType":"icon-box","elType":"widget"}],"isInner":false,"elType":"column"},{"id":"5ed48049","settings":{"_column_size":20,"_inline_size":null,"_inline_size_tablet":33,"_inline_size_mobile":50},"elements":[{"id":"47cbc09","settings":{"selected_icon":{"value":"fas fa-unlock-alt","library":"fa-solid"},"title_text":"256-bit secure payment","description_text":"","position":"left","title_size":"h6","icon_size":{"unit":"px","size":26,"sizes":[]},"__globals__":{"primary_color":"","title_color":"","title_typography_typography":""},"icon_space":{"unit":"px","size":24,"sizes":[]},"text_align":"left","content_vertical_alignment":"middle","primary_color":"#FFFFFF","title_color":"#FFFFFF","title_typography_typography":"custom","title_typography_font_family":"Inter","title_typography_font_size":{"unit":"px","size":16,"sizes":[]},"title_typography_font_weight":"700","title_typography_text_transform":"capitalize","title_typography_font_style":"normal","title_typography_line_height":{"unit":"em","size":1.5,"sizes":[]},"text_align_mobile":"center"},"elements":[],"isInner":false,"widgetType":"icon-box","elType":"widget"}],"isInner":false,"elType":"column"},{"id":"4e9599c","settings":{"_column_size":20,"_inline_size":null,"_inline_size_tablet":33,"_inline_size_mobile":50},"elements":[{"id":"320cd721","settings":{"selected_icon":{"value":"fas fa-globe","library":"fa-solid"},"title_text":"Free shipping worldwide","description_text":"","position":"left","title_size":"h6","icon_size":{"unit":"px","size":26,"sizes":[]},"__globals__":{"primary_color":"","title_color":"","title_typography_typography":""},"icon_space":{"unit":"px","size":24,"sizes":[]},"text_align":"left","content_vertical_alignment":"middle","primary_color":"#FFFFFF","title_color":"#FFFFFF","title_typography_typography":"custom","title_typography_font_family":"Inter","title_typography_font_size":{"unit":"px","size":16,"sizes":[]},"title_typography_font_weight":"700","title_typography_text_transform":"capitalize","title_typography_font_style":"normal","title_typography_line_height":{"unit":"em","size":1.5,"sizes":[]},"text_align_mobile":"center"},"elements":[],"isInner":false,"widgetType":"icon-box","elType":"widget"}],"isInner":false,"elType":"column"},{"id":"f7614a6","settings":{"_column_size":20,"_inline_size":null,"_inline_size_tablet":33,"_inline_size_mobile":50},"elements":[{"id":"94f834","settings":{"selected_icon":{"value":"fas fa-mobile-alt","library":"fa-solid"},"title_text":"Real-time tracking","description_text":"","position":"left","title_size":"h6","icon_size":{"unit":"px","size":26,"sizes":[]},"__globals__":{"primary_color":"","title_color":"","title_typography_typography":""},"icon_space":{"unit":"px","size":24,"sizes":[]},"text_align":"left","content_vertical_alignment":"middle","primary_color":"#FFFFFF","title_color":"#FFFFFF","title_typography_typography":"custom","title_typography_font_family":"Inter","title_typography_font_size":{"unit":"px","size":16,"sizes":[]},"title_typography_font_weight":"700","title_typography_text_transform":"capitalize","title_typography_font_style":"normal","title_typography_line_height":{"unit":"em","size":1.5,"sizes":[]},"text_align_mobile":"center"},"elements":[],"isInner":false,"widgetType":"icon-box","elType":"widget"}],"isInner":false,"elType":"column"}],"isInner":false,"elType":"section"}],"page_settings":{"hide_title":"yes"},"version":"0.4","title":"home page","type":"page"}