{"content":[{"id":"24e2be4a","settings":{"height":"min-height","background_background":"classic","background_image":{"id":"14","url":"https:\/\/demo.dwtutorial.com\/xtronic\/wp-content\/uploads\/sites\/3\/2021\/10\/Webp.net-compress-image.jpg"},"background_position":"center center","background_size":"cover","custom_height":{"unit":"px","size":200,"sizes":[]},"background_overlay_background":"classic","__globals__":{"background_overlay_color":""},"background_overlay_opacity":{"unit":"px","size":0.9,"sizes":[]},"background_overlay_color":"#FFFFFF"},"elements":[{"id":"6a86dbb5","settings":{"_column_size":100,"_inline_size":null,"space_between_widgets":0},"elements":[{"id":"6863279","settings":{"title":"My Account","align":"center","__globals__":{"typography_typography":"","title_color":""},"title_color":"#282828","typography_typography":"custom","typography_font_family":"Inter","typography_font_size":{"unit":"px","size":50,"sizes":[]},"typography_font_weight":"600","typography_line_height":{"unit":"px","size":55,"sizes":[]},"header_size":"h1"},"elements":[],"isInner":false,"widgetType":"heading","elType":"widget"}],"isInner":false,"elType":"column"}],"isInner":false,"elType":"section"},{"id":"697182bb","settings":{"background_background":"classic","background_color":"#F5F8F9","padding":{"unit":"px","top":"0","right":"0","bottom":"48","left":"0","isLinked":false}},"elements":[{"id":"23adc9d","settings":{"_column_size":100,"_inline_size":null},"elements":[{"id":"586fcbc2","settings":{"alert_title":"Sale up to 50% biggest discounts. ","alert_description":"Hurry! Use code DARREL for 50% off","background":"#05B895","border_color":"#008D71","title_color":"#FFFFFF","alert_title_typography":"custom","alert_title_font_family":"Inter","alert_title_font_size":{"unit":"px","size":21,"sizes":[]},"alert_title_font_weight":"700","description_color":"#FFFFFF","alert_description_typography":"custom","alert_description_font_family":"Inter","alert_description_font_size":{"unit":"px","size":16,"sizes":[]},"alert_description_font_weight":"400","_margin":{"unit":"px","top":"-36","right":"0","bottom":"0","left":"0","isLinked":false}},"elements":[],"isInner":false,"widgetType":"alert","elType":"widget"},{"id":"131305a4","settings":{"gap":"no","structure":"30","margin":{"unit":"px","top":"24","right":0,"bottom":"0","left":0,"isLinked":false}},"elements":[{"id":"3b58f286","settings":{"_column_size":33,"_inline_size":48.145,"_inline_size_tablet":100,"content_position":"center","align":"space-between","margin_tablet":{"unit":"px","top":"0","right":"0","bottom":"48","left":"0","isLinked":false}},"elements":[{"id":"4f3b0c87","settings":{"selected_icon":{"value":"fas fa-truck","library":"fa-solid"},"view":"framed","shape":"square","title_text":"Free Shipping Worldwide ","description_text":"","position":"left","title_size":"h5","primary_color":"#05B895","hover_secondary_color":"#FFFFFF","icon_space":{"unit":"px","size":20,"sizes":[]},"icon_size":{"unit":"px","size":24,"sizes":[]},"icon_padding":{"unit":"px","size":24,"sizes":[]},"border_radius":{"unit":"px","top":"4","right":"4","bottom":"4","left":"4","isLinked":true},"content_vertical_alignment":"middle","title_bottom_space":{"unit":"px","size":0,"sizes":[]},"title_color":"#222222","title_typography_typography":"custom","title_typography_font_family":"Inter","title_typography_font_size":{"unit":"px","size":16,"sizes":[]},"title_typography_font_weight":"700","title_typography_line_height":{"unit":"em","size":1.5,"sizes":[]},"_margin":{"unit":"px","top":"0","right":"0","bottom":"24","left":"0","isLinked":false},"_element_width":"initial","_element_custom_width":{"unit":"%","size":48,"sizes":[]},"border_width":{"unit":"px","top":"1","right":"1","bottom":"1","left":"1","isLinked":true}},"elements":[],"isInner":false,"widgetType":"icon-box","elType":"widget"},{"id":"bf9521b","settings":{"selected_icon":{"value":"fas fa-people-arrows","library":"fa-solid"},"view":"framed","shape":"square","title_text":"Fast Customer Support","description_text":"","position":"left","title_size":"h5","primary_color":"#05B895","hover_secondary_color":"#FFFFFF","icon_space":{"unit":"px","size":20,"sizes":[]},"icon_size":{"unit":"px","size":24,"sizes":[]},"icon_padding":{"unit":"px","size":24,"sizes":[]},"border_radius":{"unit":"px","top":"4","right":"4","bottom":"4","left":"4","isLinked":true},"content_vertical_alignment":"middle","title_bottom_space":{"unit":"px","size":0,"sizes":[]},"title_color":"#222222","title_typography_typography":"custom","title_typography_font_family":"Inter","title_typography_font_size":{"unit":"px","size":16,"sizes":[]},"title_typography_font_weight":"700","title_typography_line_height":{"unit":"em","size":1.5,"sizes":[]},"_margin":{"unit":"px","top":"0","right":"0","bottom":"24","left":"0","isLinked":false},"_element_width":"initial","_element_custom_width":{"unit":"%","size":48,"sizes":[]},"border_width":{"unit":"px","top":"1","right":"1","bottom":"1","left":"1","isLinked":true}},"elements":[],"isInner":false,"widgetType":"icon-box","elType":"widget"},{"id":"27cbf0a2","settings":{"selected_icon":{"value":"fas fa-box-open","library":"fa-solid"},"view":"framed","shape":"square","title_text":"Easy 30-day Returns &amp; Refunds","description_text":"","position":"left","title_size":"h5","primary_color":"#05B895","hover_secondary_color":"#FFFFFF","icon_space":{"unit":"px","size":20,"sizes":[]},"icon_size":{"unit":"px","size":24,"sizes":[]},"icon_padding":{"unit":"px","size":24,"sizes":[]},"border_radius":{"unit":"px","top":"4","right":"4","bottom":"4","left":"4","isLinked":true},"content_vertical_alignment":"middle","title_bottom_space":{"unit":"px","size":0,"sizes":[]},"title_color":"#222222","title_typography_typography":"custom","title_typography_font_family":"Inter","title_typography_font_size":{"unit":"px","size":16,"sizes":[]},"title_typography_font_weight":"700","title_typography_line_height":{"unit":"em","size":1.5,"sizes":[]},"_margin":{"unit":"px","top":"0","right":"0","bottom":"0","left":"0","isLinked":false},"_element_width":"initial","_element_custom_width":{"unit":"%","size":48,"sizes":[]},"border_width":{"unit":"px","top":"1","right":"1","bottom":"1","left":"1","isLinked":true}},"elements":[],"isInner":false,"widgetType":"icon-box","elType":"widget"},{"id":"24396c80","settings":{"selected_icon":{"value":"fas fa-lock","library":"fa-solid"},"view":"framed","shape":"square","title_text":"Trusted and safe Site","description_text":"","position":"left","title_size":"h5","primary_color":"#05B895","hover_secondary_color":"#FFFFFF","icon_space":{"unit":"px","size":20,"sizes":[]},"icon_size":{"unit":"px","size":24,"sizes":[]},"icon_padding":{"unit":"px","size":24,"sizes":[]},"border_radius":{"unit":"px","top":"4","right":"4","bottom":"4","left":"4","isLinked":true},"content_vertical_alignment":"middle","title_bottom_space":{"unit":"px","size":0,"sizes":[]},"title_color":"#222222","title_typography_typography":"custom","title_typography_font_family":"Inter","title_typography_font_size":{"unit":"px","size":16,"sizes":[]},"title_typography_font_weight":"700","title_typography_line_height":{"unit":"em","size":1.5,"sizes":[]},"_margin":{"unit":"px","top":"0","right":"0","bottom":"0","left":"0","isLinked":false},"_element_width":"initial","_element_custom_width":{"unit":"%","size":48,"sizes":[]},"border_width":{"unit":"px","top":"1","right":"1","bottom":"1","left":"1","isLinked":true}},"elements":[],"isInner":false,"widgetType":"icon-box","elType":"widget"}],"isInner":true,"elType":"column"},{"id":"c417ced","settings":{"_column_size":33,"_inline_size":2.999},"elements":[],"isInner":true,"elType":"column"},{"id":"e26b4dc","settings":{"_column_size":33,"_inline_size":48.188,"_inline_size_tablet":100,"content_position":"center","background_background":"classic","background_color":"#FFFFFF","padding":{"unit":"px","top":"48","right":"48","bottom":"48","left":"48","isLinked":true},"padding_mobile":{"unit":"px","top":"24","right":"24","bottom":"24","left":"24","isLinked":true}},"elements":[{"id":"1046c738","settings":{"title":"Buyer Protection","header_size":"h4","title_color":"#222222","typography_typography":"custom","typography_font_family":"Roboto","typography_font_size":{"unit":"px","size":28,"sizes":[]},"typography_font_weight":"600"},"elements":[],"isInner":false,"widgetType":"heading","elType":"widget"},{"id":"30977642","settings":{"icon_list":[{"text":"<strong>Full refund<\/strong>, If you don't receive your order","_id":"d7bbb7b"},{"text":"<strong>Full or partial refund,<\/strong> If the item is not as described","_id":"702f6a8"}],"space_between":{"unit":"px","size":8,"sizes":[]},"icon_color":"#05B895","icon_size":{"unit":"px","size":17,"sizes":[]},"text_indent":{"unit":"px","size":10,"sizes":[]},"icon_typography_typography":"custom","icon_typography_font_family":"Inter","icon_typography_font_size":{"unit":"px","size":16,"sizes":[]},"icon_typography_font_weight":"400","icon_typography_line_height":{"unit":"em","size":1.4,"sizes":[]}},"elements":[],"isInner":false,"widgetType":"icon-list","elType":"widget"}],"isInner":true,"elType":"column"}],"isInner":true,"elType":"section"}],"isInner":false,"elType":"column"}],"isInner":false,"elType":"section"},{"id":"3bda4c0c","settings":{"gap":"wider","padding":{"unit":"px","top":"48","right":"0","bottom":"0","left":"0","isLinked":false}},"elements":[{"id":"40fbe9cd","settings":{"_column_size":100,"color_link":"#00A585"},"elements":[{"id":"49a895ef","settings":{"editor":"<!-- wp:shortcode -->[woocommerce_my_account]<!-- \/wp:shortcode -->","custom_css":".woocommerce-MyAccount-navigation ul{\n    list-style-type: none;\n    padding:0;\n} \n.woocommerce-MyAccount-navigation {\n    padding-right:48px;\n    margin-bottom:48px;\n}\n.woocommerce-MyAccount-navigation li {\n    border-bottom: 1px solid #dedede;\n    padding:16px 0;\n}"},"elements":[],"isInner":false,"widgetType":"text-editor","elType":"widget"}],"isInner":false,"elType":"column"}],"isInner":false,"elType":"section"},{"id":"2e028fd6","settings":{"gap":"no","padding":{"unit":"px","top":"48","right":"0","bottom":"48","left":"0","isLinked":false},"border_border":"solid","border_width":{"unit":"px","top":"1","right":"1","bottom":"1","left":"1","isLinked":true},"border_color":"#DEDEDE"},"elements":[{"id":"6ad3cb2d","settings":{"_column_size":100,"_inline_size":null},"elements":[{"id":"594a3b43","settings":{"gap":"wider","layout":"full_width"},"elements":[{"id":"668f4166","settings":{"_column_size":100,"_inline_size":null,"padding":{"unit":"px","top":"30","right":"30","bottom":"0","left":"30","isLinked":false}},"elements":[{"id":"63d647d3","settings":{"title":"Hot Products This Week","_margin":{"unit":"px","top":"0","right":"0","bottom":"0","left":"0","isLinked":false},"align_mobile":"center","_animation":"fadeInDown","align":"left","header_size":"h4","title_color":"#282828","__globals__":{"title_color":""},"typography_typography":"custom","typography_font_family":"Inter","typography_font_size":{"unit":"px","size":28,"sizes":[]},"typography_font_weight":"700","typography_line_height":{"unit":"em","size":1.5,"sizes":[]}},"elements":[],"isInner":false,"widgetType":"heading","elType":"widget"}],"isInner":true,"elType":"column"}],"isInner":true,"elType":"section"},{"id":"3765edb8","settings":{"gap":"wider","structure":"20","layout":"full_width"},"elements":[{"id":"54fad2eb","settings":{"_column_size":50,"_inline_size":36.864,"padding":{"unit":"px","top":"30","right":"0","bottom":"30","left":"30","isLinked":false},"_inline_size_tablet":100,"padding_mobile":{"unit":"px","top":"30","right":"30","bottom":"30","left":"30","isLinked":true},"color_link":"#FFFFFF"},"elements":[{"id":"26729d49","settings":{"skin":"cover","bg_image":{"id":67,"url":"https:\/\/demo.dwtutorial.com\/xtronic\/wp-content\/uploads\/sites\/3\/2021\/10\/shiwa-id-Uae7ouMw91A-unsplash.jpg"},"title":"Note X5 Pro","description":"","title_tag":"h5","button":"Preorder Now","min-height":{"unit":"px","size":645,"sizes":[]},"vertical_position":"bottom","content_animation":"move-up","__globals__":{"button_hover_text_color":"globals\/colors?id=secondary","button_hover_background_color":"","button_text_color":"globals\/colors?id=secondary","button_border_color":"","button_background_color":""},"padding":{"unit":"px","top":"17","right":"17","bottom":"17","left":"17","isLinked":true},"min-height_tablet":{"unit":"px","size":1000,"sizes":[]},"min-height_mobile":{"unit":"px","size":400,"sizes":[]},"graphic_image":{"id":"62","url":"https:\/\/demo.dwtutorial.com\/xtronic\/wp-content\/uploads\/sites\/3\/2021\/10\/placeholder-1.png"},"button_text_color":"#FFFFFF","button_hover_text_color":"#54595F","overlay_color":"#72494900"},"elements":[],"isInner":false,"widgetType":"call-to-action","elType":"widget"}],"isInner":true,"elType":"column"},{"id":"41d771b3","settings":{"_column_size":50,"_inline_size":63.136,"padding":{"unit":"px","top":"30","right":"30","bottom":"30","left":"24","isLinked":false},"_inline_size_tablet":100},"elements":[{"id":"37956218","settings":{"rows":2,"align":"center","image_spacing":{"unit":"px","size":16,"sizes":[]},"title_color":"#282828","title_typography_typography":"custom","title_typography_font_family":"Inter","title_typography_font_weight":"600","title_typography_line_height":{"unit":"em","size":"","sizes":[]},"title_spacing":{"unit":"px","size":0,"sizes":[]},"rating_spacing":{"unit":"px","size":0,"sizes":[]},"price_color":"#555555","price_typography_typography":"custom","price_typography_font_family":"Inter","price_typography_font_size":{"unit":"px","size":16,"sizes":[]},"price_typography_font_weight":"400","old_price_color":"#000000","old_price_typography_typography":"custom","old_price_typography_font_family":"Inter","old_price_typography_font_size":{"unit":"px","size":16,"sizes":[]},"old_price_typography_font_weight":"300","button_text_color":"#05B895","button_background_color":"#02010100","button_border_border":"solid","button_border_width":{"unit":"px","top":"0","right":"0","bottom":"1","left":"0","isLinked":false},"button_border_radius":{"unit":"px","top":"0","right":"0","bottom":"0","left":"0","isLinked":true},"button_text_padding":{"unit":"px","top":"0","right":"0","bottom":"0","left":"0","isLinked":true},"button_spacing":{"unit":"px","size":0,"sizes":[]},"onsale_text_background_color":"#05B895","button_typography_typography":"custom","button_typography_font_family":"Inter","button_typography_font_size":{"unit":"px","size":15,"sizes":[]},"button_typography_font_weight":"500","star_color":"#05B895"},"elements":[],"isInner":false,"widgetType":"woocommerce-products","elType":"widget"}],"isInner":true,"elType":"column"}],"isInner":true,"elType":"section"}],"isInner":false,"elType":"column"}],"isInner":false,"elType":"section"}],"page_settings":[],"version":"0.4","title":"My Account","type":"page"}