{"content":[{"id":"e80f3bf","settings":{"gap":"wider","custom_height":{"unit":"px","size":200,"sizes":[]},"structure":"20","background_background":"classic","background_image":{"id":"14","url":"https:\/\/demo.dwtutorial.com\/xtronic\/wp-content\/uploads\/sites\/3\/2021\/10\/Webp.net-compress-image.jpg"},"background_position":"center center","background_size":"cover","background_overlay_background":"classic","background_overlay_opacity":{"unit":"px","size":0.9,"sizes":[]},"padding":{"unit":"px","top":"0","right":"0","bottom":"0","left":"0","isLinked":false},"padding_mobile":{"unit":"px","top":"20","right":"0","bottom":"20","left":"0","isLinked":false},"reverse_order_mobile":"reverse-mobile","__globals__":{"background_overlay_color":""},"background_overlay_color":"#05B895"},"elements":[{"id":"6dffaf46","settings":{"_column_size":50,"_inline_size":null,"padding_tablet":{"unit":"px","top":"0","right":"0","bottom":"0","left":"30","isLinked":false}},"elements":[{"id":"951a27","settings":{"alignment":"left","alignment_mobile":"center","_margin":{"unit":"px","top":"0","right":"0","bottom":"-16","left":"0","isLinked":false},"__globals__":{"link_color":"","text_typography_typography":""},"link_color":"#FFFFFF","text_typography_typography":"custom","text_typography_font_family":"Inter","text_typography_font_size":{"unit":"px","size":13,"sizes":[]},"text_typography_font_weight":"bold","text_typography_font_style":"normal","text_typography_line_height":{"unit":"em","size":1.5,"sizes":[]},"text_color":"#FFFFFF"},"elements":[],"isInner":false,"widgetType":"woocommerce-breadcrumb","elType":"widget"}],"isInner":false,"elType":"column"},{"id":"c9312f6","settings":{"_column_size":50,"_inline_size":null,"content_position":"center","padding_tablet":{"unit":"px","top":"0","right":"30","bottom":"0","left":"0","isLinked":false},"padding_mobile":{"unit":"px","top":"0","right":"30","bottom":"10","left":"30","isLinked":false}},"elements":[],"isInner":false,"elType":"column"}],"isInner":false,"elType":"section"},{"id":"36741fb5","settings":{"padding":{"unit":"px","top":"30","right":"0","bottom":"0","left":"0","isLinked":false},"gap":"wider","padding_tablet":{"unit":"px","top":"48","right":"0","bottom":"48","left":"0","isLinked":false},"padding_mobile":{"unit":"px","top":"48","right":"0","bottom":"48","left":"0","isLinked":false}},"elements":[{"id":"754f47e1","settings":{"_column_size":100,"_inline_size":null,"padding_mobile":{"unit":"px","top":"30","right":"30","bottom":"0","left":"30","isLinked":false}},"elements":[{"id":"3e63849a","settings":{"structure":"20"},"elements":[{"id":"4e521015","settings":{"_column_size":50,"_inline_size":null,"padding":{"unit":"px","top":"0","right":"30","bottom":"0","left":"0","isLinked":false},"padding_mobile":{"unit":"px","top":"0","right":"0","bottom":"30","left":"0","isLinked":false}},"elements":[{"id":"3eb557e","settings":{"spacing":{"unit":"px","size":8,"sizes":[]},"spacing_thumbs":{"unit":"px","size":8,"sizes":[]},"sale_flash":""},"elements":[],"isInner":false,"widgetType":"woocommerce-product-images","elType":"widget"}],"isInner":true,"elType":"column"},{"id":"4456b8b7","settings":{"_column_size":50,"_inline_size":null,"padding":{"unit":"px","top":"0","right":"0","bottom":"0","left":"30","isLinked":false},"padding_mobile":{"unit":"px","top":"0","right":"0","bottom":"0","left":"0","isLinked":false},"space_between_widgets":0},"elements":[{"id":"6003e514","settings":{"__dynamic__":{"title":"[elementor-tag id=\"\" name=\"woocommerce-product-title-tag\" settings=\"%7B%22product_id%22%3A%2294%22%7D\"]"},"title":"Add Your Heading Text Here","_margin":{"unit":"px","top":"0","right":"0","bottom":"0","left":"0","isLinked":false},"_animation":"fadeInDown","align_mobile":"center","__globals__":{"typography_typography":""},"typography_typography":"custom","typography_font_family":"Inter","typography_font_size":{"unit":"px","size":28,"sizes":[]},"typography_font_size_tablet":{"unit":"px","size":21,"sizes":[]},"typography_font_weight":"700","typography_text_transform":"capitalize","typography_line_height":{"unit":"em","size":1.3,"sizes":[]},"title_color":"#222222"},"elements":[],"isInner":false,"widgetType":"woocommerce-product-title","elType":"widget"},{"id":"7a75d9df","settings":{"star_color":"#FFCB00","text_typography_typography":"custom","text_typography_font_size":{"unit":"px","size":14,"sizes":[]},"star_size":{"unit":"em","size":0.8,"sizes":[]},"space_between":{"unit":"em","size":1.2,"sizes":[]},"_margin":{"unit":"px","top":"0","right":"0","bottom":"24","left":"0","isLinked":false},"alignment_mobile":"left","link_color":"#05B895","text_typography_font_family":"Inter","text_typography_font_weight":"400","text_typography_line_height":{"unit":"px","size":28,"sizes":[]}},"elements":[],"isInner":false,"widgetType":"woocommerce-product-rating","elType":"widget"},{"id":"3c4247a9","settings":{"__globals__":{"text_typography_typography":""},"_animation":"fadeInDown","text_typography_typography":"custom","text_typography_font_family":"Inter","text_typography_font_size":{"unit":"px","size":16,"sizes":[]},"text_typography_font_weight":"400","text_typography_font_style":"normal","text_typography_line_height":{"unit":"px","size":24,"sizes":[]},"text_color":"#555555"},"elements":[],"isInner":false,"widgetType":"woocommerce-product-short-description","elType":"widget"},{"id":"1227d187","settings":{"typography_typography":"custom","text_align":"left","typography_font_size":{"unit":"px","size":21,"sizes":[]},"sale_price_spacing":{"unit":"px","size":4,"sizes":[]},"typography_font_weight":"300","_margin":{"unit":"px","top":"24","right":"0","bottom":"0","left":"0","isLinked":false},"__globals__":{"sale_price_color":"","price_color":"","typography_typography":"","sale_price_typography_typography":""},"price_color":"#05B895","typography_font_family":"Inter","typography_line_height":{"unit":"em","size":1.4,"sizes":[]},"typography_line_height_tablet":{"unit":"em","size":1.2,"sizes":[]},"sale_price_color":"#05B895","_animation":"fadeInDown","sale_price_typography_typography":"custom","sale_price_typography_font_family":"Inter","sale_price_typography_font_size":{"unit":"px","size":21,"sizes":[]},"sale_price_typography_font_weight":"300","sale_price_typography_line_height":{"unit":"em","size":1.4,"sizes":[]},"sale_price_typography_line_height_tablet":{"unit":"em","size":1.2,"sizes":[]}},"elements":[],"isInner":false,"widgetType":"woocommerce-product-price","elType":"widget"},{"id":"173fba55","settings":{"button_padding":{"unit":"px","top":"12","right":"48","bottom":"12","left":"48","isLinked":false},"button_transition":{"unit":"px","size":0.4,"sizes":[]},"quantity_border_border":"solid","quantity_border_width":{"unit":"px","top":"1","right":"1","bottom":"1","left":"1","isLinked":true},"quantity_padding":{"unit":"px","top":"9","right":"0","bottom":"9","left":"0","isLinked":false},"_margin":{"unit":"px","top":"0","right":"0","bottom":"32","left":"0","isLinked":false},"__globals__":{"button_bg_color":"","variations_select_bg_color":"","quantity_bg_color":"","variations_label_color_focus":"","button_bg_color_hover":"","button_text_color":"","button_typography_typography":"","quantity_text_color":"globals\/colors?id=text"},"button_bg_color":"#05B895","variations_select_bg_color":"#FFFFFF00","button_typography_typography":"custom","button_typography_font_family":"Inter","button_typography_font_size":{"unit":"px","size":16,"sizes":[]},"button_typography_font_weight":"500","button_typography_line_height":{"unit":"em","size":1.5,"sizes":[]},"button_text_color":"#FFFFFF","button_bg_color_hover":"#00A585","variations_label_color_focus":"#555555","quantity_typography_typography":"custom","quantity_typography_font_family":"Inter","quantity_typography_font_size":{"unit":"px","size":16,"sizes":[]},"quantity_typography_font_weight":"700","quantity_typography_line_height":{"unit":"px","size":24,"sizes":[]},"variations_label_typography_typography":"custom","variations_label_typography_font_family":"Inter","variations_select_typography_typography":"custom","variations_select_typography_font_family":"Inter"},"elements":[],"isInner":false,"widgetType":"woocommerce-product-add-to-cart","elType":"widget"},{"id":"75475dcf","settings":{"view":"table","space_between":{"unit":"px","size":16,"sizes":[]},"divider":"yes","divider_color":"#F2F2F2","text_color":"#333333","text_typography_typography":"custom","text_typography_font_family":"Inter","text_typography_font_size":{"unit":"px","size":16,"sizes":[]},"text_typography_font_weight":"400","text_typography_line_height":{"unit":"px","size":24,"sizes":[]},"link_typography_typography":"custom","link_typography_font_family":"Inter","link_typography_font_size":{"unit":"px","size":16,"sizes":[]},"link_typography_font_weight":"400","link_typography_line_height":{"unit":"px","size":24,"sizes":[]},"link_color":"#05B895"},"elements":[],"isInner":false,"widgetType":"woocommerce-product-meta","elType":"widget"},{"id":"78735bf4","settings":{"gap":"no"},"elements":[{"id":"8bc8250","settings":{"_column_size":100,"_inline_size":null,"content_position":"center"},"elements":[{"id":"788fe4a5","settings":{"title":"Share","_element_width":"initial","__globals__":{"typography_typography":""},"_margin":{"unit":"px","top":"0","right":"16","bottom":"0","left":"0","isLinked":false},"_element_width_tablet":"initial","_element_custom_width":{"unit":"%","size":16,"sizes":[]},"_element_custom_width_tablet":{"unit":"%","size":32,"sizes":[]},"typography_typography":"custom","typography_font_family":"Inter","typography_font_size":{"unit":"px","size":16,"sizes":[]},"typography_font_weight":"700","typography_text_transform":"capitalize","typography_font_style":"normal","typography_line_height":{"unit":"em","size":1.5,"sizes":[]},"title_color":"#222222"},"elements":[],"isInner":false,"widgetType":"heading","elType":"widget"},{"id":"26bb16e2","settings":{"share_buttons":[{"_id":"8013de6"},{"button":"twitter","_id":"10c0569"},{"button":"linkedin","_id":"a95b9a7"}],"view":"icon","_element_width":"initial","skin":"minimal","column_gap":{"unit":"px","size":0,"sizes":[]},"row_gap":{"unit":"px","size":0,"sizes":[]},"button_size":{"unit":"px","size":0.85,"sizes":[]},"icon_size":{"unit":"em","size":2,"sizes":[]},"color_source":"custom","_element_width_tablet":"initial","_element_custom_width":{"unit":"%","size":84,"sizes":[]},"_element_custom_width_tablet":{"unit":"%","size":"","sizes":[]},"__globals__":{"secondary_color":"","primary_color":""},"primary_color":"#FFFFFF00","secondary_color":"#282828"},"elements":[],"isInner":false,"widgetType":"share-buttons","elType":"widget"}],"isInner":true,"elType":"column"}],"isInner":true,"elType":"section"}],"isInner":true,"elType":"column"}],"isInner":true,"elType":"section"}],"isInner":false,"elType":"column"}],"isInner":false,"elType":"section"},{"id":"6c077c63","settings":{"background_background":"classic","gap":"wider","margin":{"unit":"px","top":"0","right":0,"bottom":"0","left":0,"isLinked":false},"padding_mobile":{"unit":"px","top":"0","right":"0","bottom":"48","left":"0","isLinked":false},"padding":{"unit":"px","top":"0","right":"0","bottom":"0","left":"0","isLinked":false},"padding_tablet":{"unit":"px","top":"0","right":"0","bottom":"0","left":"0","isLinked":false}},"elements":[{"id":"2d29cc2c","settings":{"_column_size":100,"_inline_size":null,"padding_mobile":{"unit":"px","top":"10","right":"10","bottom":"10","left":"10","isLinked":true}},"elements":[{"id":"551f38fc","settings":{"tab_border_radius":{"unit":"px","size":0,"sizes":[]},"panel_border_width":{"unit":"px","top":"1","right":"0","bottom":"0","left":"0","isLinked":false},"panel_border_radius":{"unit":"px","top":"0","right":"0","bottom":"0","left":"0","isLinked":false},"_margin":{"unit":"px","top":"0","right":"0","bottom":"0","left":"0","isLinked":false},"_background_background":"classic","__globals__":{"tab_text_color":"globals\/colors?id=text","tabs_border_color":"","content_heading_typography_typography":"","heading_color":"globals\/colors?id=secondary","text_color":"globals\/colors?id=text","content_typography_typography":"globals\/typography?id=primary","tab_typography_typography":"","active_tab_text_color":"","tab_bg_color":"","active_tab_bg_color":""},"custom_css":"selector .woocommerce .shop_attributes td p {\n    padding: 8px !important;\n}","tab_bg_color":"#FFFFFF00","tabs_border_color":"#EDEDED","active_tab_text_color":"#05B895","tab_typography_typography":"custom","tab_typography_font_family":"Inter","tab_typography_font_size":{"unit":"px","size":15,"sizes":[]},"tab_typography_font_weight":"500","tab_typography_line_height":{"unit":"em","size":1.5,"sizes":[]},"tab_typography_letter_spacing":{"unit":"px","size":0,"sizes":[]},"content_typography_typography":"custom","content_typography_font_family":"Roboto","content_typography_font_size":{"unit":"px","size":16,"sizes":[]},"content_typography_font_weight":"600","content_typography_font_style":"normal","content_typography_line_height":{"unit":"em","size":1.5,"sizes":[]},"content_heading_typography_typography":"custom","content_heading_typography_font_family":"Inter","content_heading_typography_font_size":{"unit":"px","size":21,"sizes":[]},"content_heading_typography_font_size_tablet":{"unit":"px","size":18,"sizes":[]},"content_heading_typography_font_weight":"700","content_heading_typography_text_transform":"capitalize","content_heading_typography_line_height":{"unit":"em","size":1.4,"sizes":[]},"panel_box_shadow_box_shadow":{"horizontal":0,"vertical":-1,"blur":1,"spread":-1,"color":"rgba(0, 0, 0, 0.99)"},"active_tab_bg_color":"#FFFFFF"},"elements":[],"isInner":false,"widgetType":"woocommerce-product-data-tabs","elType":"widget"}],"isInner":false,"elType":"column"}],"isInner":false,"elType":"section"},{"id":"e4123ec","settings":{"gap":"wider","background_background":"classic","padding":{"unit":"px","top":"0","right":"0","bottom":"96","left":"0","isLinked":false},"__globals__":{"background_color":""},"padding_tablet":{"unit":"px","top":"8","right":"0","bottom":"48","left":"0","isLinked":false},"padding_mobile":{"unit":"px","top":"0","right":"0","bottom":"48","left":"0","isLinked":false}},"elements":[{"id":"788330cb","settings":{"_column_size":100,"_inline_size":null},"elements":[{"id":"e5c9205","settings":{"column_gap":{"unit":"px","size":32,"sizes":[]},"row_gap":{"unit":"px","size":80,"sizes":[]},"align":"center","button_background_color":"rgba(2, 1, 1, 0)","button_border_border":"solid","button_border_width":{"unit":"px","top":"0","right":"0","bottom":"1","left":"0","isLinked":false},"button_border_radius":{"unit":"px","top":"0","right":"0","bottom":"0","left":"0","isLinked":true},"button_text_padding":{"unit":"px","top":"0","right":"0","bottom":"0","left":"0","isLinked":false},"heading_spacing":{"unit":"px","size":48,"sizes":[]},"onsale_typography_font_weight":"500","title_spacing":{"unit":"px","size":0,"sizes":[]},"onsale_typography_font_size":{"unit":"px","size":10,"sizes":[]},"onsale_typography_text_transform":"uppercase","onsale_typography_letter_spacing":{"unit":"px","size":1.2,"sizes":[]},"onsale_width":{"unit":"px","size":48,"sizes":[]},"onsale_height":{"unit":"px","size":48,"sizes":[]},"onsale_distance":{"unit":"px","size":-20,"sizes":[]},"__globals__":{"button_border_color":"","button_text_color":"","onsale_text_background_color":"","view_cart_typography_typography":"","title_typography_typography":"","price_typography_typography":"","price_color":"","onsale_text_color":"","button_typography_typography":"","heading_typography_typography":"","heading_color":""},"button_hover_color":"#000000","button_hover_border_color":"#000000","columns_tablet":2,"align_mobile":"center","heading_text_align_mobile":"center","columns_mobile":1,"price_color":"#555555","price_typography_typography":"custom","price_typography_font_family":"Inter","price_typography_font_size":{"unit":"px","size":16,"sizes":[]},"price_typography_font_weight":"400","price_typography_font_style":"normal","price_typography_line_height":{"unit":"px","size":24,"sizes":[]},"button_text_color":"#05B895","button_border_color":"#00A585","button_typography_typography":"custom","button_typography_font_family":"Inter","button_typography_font_size":{"unit":"px","size":16,"sizes":[]},"button_typography_font_weight":"500","button_typography_line_height":{"unit":"em","size":1.5,"sizes":[]},"view_cart_typography_typography":"custom","view_cart_typography_font_family":"Inter","view_cart_typography_font_size":{"unit":"px","size":16,"sizes":[]},"view_cart_typography_font_weight":"500","view_cart_typography_line_height":{"unit":"em","size":1.5,"sizes":[]},"heading_color":"#282828","heading_typography_typography":"custom","heading_typography_font_family":"Inter","heading_typography_font_size":{"unit":"px","size":28,"sizes":[]},"heading_typography_font_size_tablet":{"unit":"px","size":21,"sizes":[]},"heading_typography_font_weight":"700","heading_typography_text_transform":"capitalize","heading_typography_line_height":{"unit":"em","size":1.3,"sizes":[]},"onsale_text_color":"#FFFFFF","onsale_text_background_color":"#05B895","title_color":"#282828","title_typography_typography":"custom","title_typography_font_family":"Inter","title_typography_font_size":{"unit":"px","size":16,"sizes":[]},"title_typography_font_weight":"700","title_typography_line_height":{"unit":"px","size":24,"sizes":[]},"old_price_color":"#555555","old_price_typography_typography":"custom","old_price_typography_font_family":"Inter","old_price_typography_font_size":{"unit":"px","size":16,"sizes":[]},"old_price_typography_font_weight":"600","old_price_typography_line_height":{"unit":"px","size":24,"sizes":[]}},"elements":[],"isInner":false,"widgetType":"woocommerce-product-related","elType":"widget"}],"isInner":false,"elType":"column"}],"isInner":false,"elType":"section"}],"page_settings":{"preview_id":"94"},"version":"0.4","title":"Product Page 2","type":"product"}