{"content":[{"id":"77c7d213","settings":{"gap":"wider","height":"min-height","custom_height":{"unit":"px","size":497,"sizes":[]},"background_background":"classic","background_color":"#F5F8F9","background_image":{"url":"https:\/\/demo.dwtutorial.com\/xtronic\/wp-content\/uploads\/sites\/3\/2021\/10\/banner-1.png","id":582,"alt":"","source":"library"},"background_position":"center center","background_size":"cover"},"elements":[{"id":"5dd41b79","settings":{"_column_size":100,"_inline_size":null,"align":"center"},"elements":[{"id":"73a76aae","settings":{"selected_icon":{"value":"fas fa-circle","library":"fa-solid"},"title_text":"End Year Clearance","description_text":"","position":"right","title_size":"div","icon_space":{"unit":"px","size":3,"sizes":[]},"icon_size":{"unit":"px","size":6,"sizes":[]},"content_vertical_alignment":"middle","title_bottom_space":{"unit":"px","size":10,"sizes":[]},"_element_width":"auto","__globals__":{"primary_color":"","title_typography_typography":"","title_color":""},"_margin":{"unit":"px","top":"0","right":"0","bottom":"-10","left":"0","isLinked":false},"primary_color":"#05B895","title_color":"#282828","title_typography_typography":"custom","title_typography_font_family":"Inter","title_typography_font_size":{"unit":"px","size":16,"sizes":[]},"title_typography_font_weight":"800","title_typography_line_height":{"unit":"em","size":1.5,"sizes":[]}},"elements":[],"isInner":false,"widgetType":"icon-box","elType":"widget"},{"id":"f7c9dbf","settings":{"headline_style":"rotate","animation_type":"swirl","before_text":"Biggest SALE<br\/>","highlighted_text":"Amazing","rotating_text":"Smartphone\nWashing Machine\nFridge\nTablet PC\nHeadphones\nDrone\nLaptop\niPhone\n","rotate_iteration_delay":1600,"title_color":"#222222","title_typography_typography":"custom","title_typography_font_family":"Roboto","title_typography_font_size":{"unit":"px","size":50,"sizes":[]},"title_typography_font_weight":"700","words_color":"#05B895","highlighted_text_background_color":"#05B895","highlighted_text_color":"#FFFFFF","_margin":{"unit":"px","top":"0","right":"0","bottom":"-18","left":"0","isLinked":false}},"elements":[],"isInner":false,"widgetType":"animated-headline","elType":"widget"},{"id":"480f4d74","settings":{"text":"Start Now","align_mobile":"center","_element_width":"auto","button_text_color":"#FFFFFF","background_color":"#05B895","button_background_hover_color":"#00A585","__globals__":{"background_color":"","button_background_hover_color":"","typography_typography":""},"typography_typography":"custom","typography_font_family":"Inter","typography_font_size":{"unit":"px","size":16,"sizes":[]},"typography_font_weight":"600","typography_line_height":{"unit":"em","size":1.5,"sizes":[]},"_margin":{"unit":"px","top":"0","right":"0","bottom":"0","left":"0","isLinked":false}},"elements":[],"isInner":false,"widgetType":"button","elType":"widget"}],"isInner":false,"elType":"column"}],"isInner":false,"elType":"section"},{"id":"3d286174","settings":{"gap":"wider","structure":"30","padding":{"unit":"px","top":"48","right":"0","bottom":"48","left":"0","isLinked":false},"reverse_order_tablet":"reverse-tablet","reverse_order_mobile":"reverse-mobile","background_background":"classic","background_image":{"url":"https:\/\/demo.dwtutorial.com\/xtronic\/wp-content\/uploads\/sites\/3\/2021\/10\/pat-1e.png","id":49,"alt":"","source":"library"},"background_position":"center left","background_repeat":"no-repeat","background_size":"initial","background_bg_width":{"unit":"px","size":182,"sizes":[]},"background_overlay_background":"classic","background_overlay_image":{"url":"https:\/\/demo.dwtutorial.com\/xtronic\/wp-content\/uploads\/sites\/3\/2021\/10\/pat-1c.png","id":43,"alt":"","source":"library"},"background_overlay_position":"initial","background_overlay_xpos":{"unit":"%","size":110,"sizes":[]},"background_overlay_repeat":"no-repeat","background_overlay_size":"initial","background_overlay_bg_width":{"unit":"px","size":343,"sizes":[]},"background_overlay_opacity":{"unit":"px","size":0.22,"sizes":[]}},"elements":[{"id":"38a9a927","settings":{"_column_size":33,"_inline_size":24,"color_link":"#00A585","_inline_size_tablet":100,"custom_css":"selector .elementor-icon-box-title a {\n    color:#222!important;\n}"},"elements":[{"id":"411db9ee","settings":{"image":{"url":"https:\/\/demo.dwtutorial.com\/xtronic\/wp-content\/uploads\/sites\/3\/2021\/10\/pat-1a.png","id":46,"alt":"","source":"library"},"opacity":{"unit":"px","size":0.31,"sizes":[]},"_element_width":"initial","_element_custom_width":{"unit":"px","size":134,"sizes":[]},"_position":"absolute","_offset_x":{"unit":"px","size":-62,"sizes":[]},"_offset_y":{"unit":"px","size":-62,"sizes":[]}},"elements":[],"isInner":false,"widgetType":"image","elType":"widget"},{"id":"7b49c2ec","settings":{"slides":[{"image":{"url":"https:\/\/demo.dwtutorial.com\/xtronic\/wp-content\/uploads\/sites\/3\/2021\/10\/photo-1456615913800-c33540eac399.jpeg","id":404,"alt":"","source":"library"},"_id":"1503b31","image_link_to_type":"custom","image_link_to":{"url":"#","is_external":"","nofollow":"","custom_attributes":""}},{"image":{"url":"https:\/\/demo.dwtutorial.com\/xtronic\/wp-content\/uploads\/sites\/3\/2021\/10\/photo-1592839719941-8e2651039d01.jpeg","id":444,"alt":"","source":"library"},"_id":"ac34b69","image_link_to_type":"custom","image_link_to":{"url":"#","is_external":"","nofollow":"","custom_attributes":""}},{"image":{"url":"https:\/\/demo.dwtutorial.com\/xtronic\/wp-content\/uploads\/sites\/3\/2021\/10\/photo-1532877590696-69a157b92b78-1.jpeg","id":508,"alt":"","source":"library"},"_id":"c5f950f","image_link_to_type":"custom","image_link_to":{"url":"#","is_external":"","nofollow":"","custom_attributes":""}},{"image":{"url":"https:\/\/demo.dwtutorial.com\/xtronic\/wp-content\/uploads\/sites\/3\/2021\/10\/photo-1553545204-4f7d339aa06a.jpeg","id":402,"alt":"","source":"library"},"_id":"4c0d144","image_link_to_type":"custom","image_link_to":{"url":"#","is_external":"","nofollow":"","custom_attributes":""}},{"image":{"url":"https:\/\/demo.dwtutorial.com\/xtronic\/wp-content\/uploads\/sites\/3\/2021\/10\/photo-1468436139062-f60a71c5c892.jpeg","id":436,"alt":"","source":"library"},"_id":"1f773b2","image_link_to_type":"custom","image_link_to":{"url":"#","is_external":"","nofollow":"","custom_attributes":""}}],"slides_per_view":"1","height":{"unit":"px","size":351,"sizes":[]},"show_arrows":"","pagination":"","_margin":{"unit":"px","top":"0","right":"0","bottom":"24","left":"0","isLinked":false}},"elements":[],"isInner":false,"widgetType":"media-carousel","elType":"widget"},{"id":"199de13d","settings":{"selected_icon":{"value":"fas fa-truck","library":"fa-solid"},"view":"stacked","shape":"square","title_text":"Free Shipping Worldwide ","description_text":"","position":"left","title_size":"h5","primary_color":"#05B895","hover_secondary_color":"#FFFFFF","icon_space":{"unit":"px","size":20,"sizes":[]},"icon_size":{"unit":"px","size":24,"sizes":[]},"icon_padding":{"unit":"px","size":24,"sizes":[]},"border_radius":{"unit":"px","top":"4","right":"4","bottom":"4","left":"4","isLinked":true},"content_vertical_alignment":"middle","title_bottom_space":{"unit":"px","size":0,"sizes":[]},"title_color":"#222222","title_typography_typography":"custom","title_typography_font_family":"Inter","title_typography_font_size":{"unit":"px","size":16,"sizes":[]},"title_typography_font_weight":"700","title_typography_line_height":{"unit":"em","size":1.5,"sizes":[]},"_margin":{"unit":"px","top":"0","right":"0","bottom":"0","left":"0","isLinked":false},"_element_custom_width":{"unit":"%","size":48,"sizes":[]}},"elements":[],"isInner":false,"widgetType":"icon-box","elType":"widget"},{"id":"3a60d131","settings":{"selected_icon":{"value":"fas fa-people-arrows","library":"fa-solid"},"view":"stacked","shape":"square","title_text":"Fast Customer Support","description_text":"","position":"left","title_size":"h5","primary_color":"#05B895","hover_secondary_color":"#FFFFFF","icon_space":{"unit":"px","size":20,"sizes":[]},"icon_size":{"unit":"px","size":24,"sizes":[]},"icon_padding":{"unit":"px","size":24,"sizes":[]},"border_radius":{"unit":"px","top":"4","right":"4","bottom":"4","left":"4","isLinked":true},"content_vertical_alignment":"middle","title_bottom_space":{"unit":"px","size":0,"sizes":[]},"title_color":"#222222","title_typography_typography":"custom","title_typography_font_family":"Inter","title_typography_font_size":{"unit":"px","size":16,"sizes":[]},"title_typography_font_weight":"700","title_typography_line_height":{"unit":"em","size":1.5,"sizes":[]},"_margin":{"unit":"px","top":"0","right":"0","bottom":"0","left":"0","isLinked":false},"_element_custom_width":{"unit":"%","size":48,"sizes":[]}},"elements":[],"isInner":false,"widgetType":"icon-box","elType":"widget"},{"id":"44beb938","settings":{"selected_icon":{"value":"fas fa-box-open","library":"fa-solid"},"view":"stacked","shape":"square","title_text":"Easy 30-day Returns &amp; Refunds","description_text":"","position":"left","title_size":"h5","primary_color":"#05B895","hover_secondary_color":"#FFFFFF","icon_space":{"unit":"px","size":20,"sizes":[]},"icon_size":{"unit":"px","size":24,"sizes":[]},"icon_padding":{"unit":"px","size":24,"sizes":[]},"border_radius":{"unit":"px","top":"4","right":"4","bottom":"4","left":"4","isLinked":true},"content_vertical_alignment":"middle","title_bottom_space":{"unit":"px","size":0,"sizes":[]},"title_color":"#222222","title_typography_typography":"custom","title_typography_font_family":"Inter","title_typography_font_size":{"unit":"px","size":16,"sizes":[]},"title_typography_font_weight":"700","title_typography_line_height":{"unit":"em","size":1.5,"sizes":[]},"_margin":{"unit":"px","top":"0","right":"0","bottom":"0","left":"0","isLinked":false},"_element_custom_width":{"unit":"%","size":48,"sizes":[]}},"elements":[],"isInner":false,"widgetType":"icon-box","elType":"widget"},{"id":"78c94a3c","settings":{"selected_icon":{"value":"fas fa-lock","library":"fa-solid"},"view":"stacked","shape":"square","title_text":"Trusted and safe Site","description_text":"","position":"left","title_size":"h5","primary_color":"#05B895","hover_secondary_color":"#FFFFFF","icon_space":{"unit":"px","size":20,"sizes":[]},"icon_size":{"unit":"px","size":24,"sizes":[]},"icon_padding":{"unit":"px","size":24,"sizes":[]},"border_radius":{"unit":"px","top":"4","right":"4","bottom":"4","left":"4","isLinked":true},"content_vertical_alignment":"middle","title_bottom_space":{"unit":"px","size":0,"sizes":[]},"title_color":"#222222","title_typography_typography":"custom","title_typography_font_family":"Inter","title_typography_font_size":{"unit":"px","size":16,"sizes":[]},"title_typography_font_weight":"700","title_typography_line_height":{"unit":"em","size":1.5,"sizes":[]},"_margin":{"unit":"px","top":"0","right":"0","bottom":"0","left":"0","isLinked":false},"_element_custom_width":{"unit":"%","size":48,"sizes":[]}},"elements":[],"isInner":false,"widgetType":"icon-box","elType":"widget"},{"id":"7a115ac","settings":{"_margin":{"unit":"px","top":"24","right":"0","bottom":"0","left":"0","isLinked":false},"custom_css":"selector .search-field {\n    margin-bottom: 16px;\n}\nselector button {\n    width:100%;\n    color:#00A585;\n    border-color:#00A585;\n    font-family: 'inter';\n    font-size: 16px;\n    font-weight: 600;\n\n}\nselector button:hover {\n    background-color: #00A585;\n    color:#fff;\n}"},"elements":[],"isInner":false,"widgetType":"wp-widget-woocommerce_product_search","elType":"widget"}],"isInner":false,"elType":"column"},{"id":"1dc01623","settings":{"_column_size":33,"_inline_size":3.403},"elements":[],"isInner":false,"elType":"column"},{"id":"636dd938","settings":{"_column_size":33,"_inline_size":71.929,"_inline_size_tablet":100},"elements":[{"id":"5f9d3484","settings":{"rows":3,"align":"center","image_spacing":{"unit":"px","size":16,"sizes":[]},"title_color":"#282828","title_typography_typography":"custom","title_typography_font_family":"Inter","title_typography_font_weight":"600","title_typography_line_height":{"unit":"em","size":"","sizes":[]},"title_spacing":{"unit":"px","size":0,"sizes":[]},"rating_spacing":{"unit":"px","size":0,"sizes":[]},"price_color":"#555555","price_typography_typography":"custom","price_typography_font_family":"Inter","price_typography_font_size":{"unit":"px","size":16,"sizes":[]},"price_typography_font_weight":"400","old_price_color":"#000000","old_price_typography_typography":"custom","old_price_typography_font_family":"Inter","old_price_typography_font_size":{"unit":"px","size":16,"sizes":[]},"old_price_typography_font_weight":"300","button_text_color":"#05B895","button_background_color":"#02010100","button_border_border":"solid","button_border_width":{"unit":"px","top":"0","right":"0","bottom":"1","left":"0","isLinked":false},"button_border_radius":{"unit":"px","top":"0","right":"0","bottom":"0","left":"0","isLinked":true},"button_text_padding":{"unit":"px","top":"0","right":"0","bottom":"0","left":"0","isLinked":true},"button_spacing":{"unit":"px","size":0,"sizes":[]},"onsale_text_background_color":"#05B895","button_typography_typography":"custom","button_typography_font_family":"Inter","button_typography_font_size":{"unit":"px","size":15,"sizes":[]},"button_typography_font_weight":"500","paginate":"yes","star_color":"#05B895","show_pagination_border":"","pagination_link_color":"#05B895","pagination_link_color_active":"#FFFFFF","pagination_link_bg_color_active":"#05B895"},"elements":[],"isInner":false,"widgetType":"woocommerce-products","elType":"widget"}],"isInner":false,"elType":"column"}],"isInner":false,"elType":"section"}],"page_settings":[],"version":"0.4","title":"shop page 4","type":"page"}