{"content":[{"id":"6f5a49c1","settings":{"height":"min-height","background_background":"classic","background_image":{"id":"14","url":"https:\/\/demo.dwtutorial.com\/xtronic\/wp-content\/uploads\/sites\/3\/2021\/10\/Webp.net-compress-image.jpg"},"background_position":"center center","background_size":"cover","custom_height":{"unit":"px","size":200,"sizes":[]},"background_overlay_background":"classic","__globals__":{"background_overlay_color":""},"background_overlay_opacity":{"unit":"px","size":0.9,"sizes":[]},"background_overlay_color":"#FFFFFF"},"elements":[{"id":"c1989ce","settings":{"_column_size":100,"_inline_size":null},"elements":[{"id":"3c53fa1c","settings":{"title":"Go Purchase","align":"center","_margin":{"unit":"px","top":"0","right":"0","bottom":"0","left":"0","isLinked":false},"__globals__":{"typography_typography":"","title_color":""},"title_color":"#282828","typography_typography":"custom","typography_font_family":"Inter","typography_font_size":{"unit":"px","size":16,"sizes":[]},"typography_font_weight":"700","typography_line_height":{"unit":"em","size":1.5,"sizes":[]}},"elements":[],"isInner":false,"widgetType":"heading","elType":"widget"},{"id":"35028949","settings":{"title":"Shop Page 2","align":"center","__globals__":{"typography_typography":"","title_color":""},"title_color":"#282828","typography_typography":"custom","typography_font_family":"Inter","typography_font_size":{"unit":"px","size":50,"sizes":[]},"typography_font_weight":"600"},"elements":[],"isInner":false,"widgetType":"heading","elType":"widget"}],"isInner":false,"elType":"column"}],"isInner":false,"elType":"section"},{"id":"5e53e404","settings":{"gap":"wider","padding":{"unit":"px","top":"96","right":"0","bottom":"96","left":"0","isLinked":false},"padding_tablet":{"unit":"px","top":"48","right":"0","bottom":"48","left":"0","isLinked":false}},"elements":[{"id":"1fb44b8","settings":{"_column_size":100,"_inline_size":null,"padding":{"unit":"px","top":"30","right":"30","bottom":"30","left":"24","isLinked":false},"_inline_size_tablet":100,"padding_mobile":{"unit":"px","top":"0","right":"0","bottom":"24","left":"0","isLinked":false}},"elements":[{"id":"de872bd","settings":{"gap":"no","margin":{"unit":"px","top":"0","right":0,"bottom":"48","left":0,"isLinked":false},"structure":"20","layout":"full_width"},"elements":[{"id":"d18d4e6","settings":{"_column_size":50,"_inline_size":44.765,"_inline_size_tablet":40,"align_mobile":"center"},"elements":[{"id":"30f5a285","settings":{"selected_icon":{"value":"fas fa-circle","library":"fa-solid"},"title_text":"Grab Fast","description_text":"","position":"right","title_size":"div","icon_space":{"unit":"px","size":3,"sizes":[]},"icon_size":{"unit":"px","size":6,"sizes":[]},"content_vertical_alignment":"middle","title_bottom_space":{"unit":"px","size":10,"sizes":[]},"_element_width":"auto","__globals__":{"primary_color":"","title_typography_typography":"","title_color":""},"_margin":{"unit":"px","top":"0","right":"0","bottom":"0","left":"0","isLinked":false},"primary_color":"#05B895","title_color":"#282828","title_typography_typography":"custom","title_typography_font_family":"Inter","title_typography_font_size":{"unit":"px","size":16,"sizes":[]},"title_typography_font_weight":"800","title_typography_line_height":{"unit":"em","size":1.5,"sizes":[]}},"elements":[],"isInner":false,"widgetType":"icon-box","elType":"widget"},{"id":"3e8530f4","settings":{"title":"Featured Savings","align_mobile":"center","align":"left","title_color":"#282828","__globals__":{"title_color":"","typography_typography":""},"typography_typography":"custom","typography_font_family":"Inter","typography_font_weight":"600","typography_font_size":{"unit":"px","size":50,"sizes":[]}},"elements":[],"isInner":false,"widgetType":"heading","elType":"widget"}],"isInner":true,"elType":"column"},{"id":"1438b48d","settings":{"_column_size":50,"_inline_size":55.235,"content_position":"bottom","align":"flex-end","_inline_size_tablet":60,"align_mobile":"center","padding_mobile":{"unit":"px","top":"30","right":"0","bottom":"0","left":"0","isLinked":false}},"elements":[{"id":"cc35efc","settings":{"title":"Deal ends in","header_size":"div","_margin":{"unit":"px","top":"0","right":"24","bottom":"10","left":"0","isLinked":false},"_element_width":"auto","__globals__":{"typography_typography":"","title_color":""},"align_tablet":"right","_margin_tablet":{"unit":"px","top":"0","right":"0","bottom":"20","left":"0","isLinked":false},"_element_width_tablet":"initial","_element_custom_width_tablet":{"unit":"px","size":115,"sizes":[]},"title_color":"#05B895","typography_typography":"custom","typography_font_family":"Inter","typography_font_size":{"unit":"px","size":16,"sizes":[]},"typography_font_weight":"800","typography_line_height":{"unit":"em","size":1.5,"sizes":[]}},"elements":[],"isInner":false,"widgetType":"heading","elType":"widget"},{"id":"5cfe86c3","settings":{"countdown_type":"evergreen","evergreen_counter_hours":22,"evergreen_counter_minutes":47,"label_display":"inline","show_days":"","label_days":"Days","label_hours":"Hours","label_minutes":"Minutes","label_seconds":"Seconds","container_width":{"unit":"px","size":"","sizes":[]},"box_padding":{"unit":"px","top":"8","right":"0","bottom":"8","left":"0","isLinked":false},"_padding":{"unit":"px","top":"0","right":"24","bottom":"0","left":"24","isLinked":false},"_background_background":"classic","_element_width":"initial","_element_custom_width":{"unit":"px","size":325,"sizes":[]},"__globals__":{"digits_color":"","box_background_color":"","digits_typography_typography":"","label_typography_typography":"","_background_color":""},"_element_custom_width_mobile":{"unit":"px","size":356,"sizes":[]},"due_date":"2021-10-22 15:32","box_background_color":"#05B895","digits_color":"#FFFFFF","digits_typography_typography":"custom","digits_typography_font_family":"Inter","digits_typography_font_size":{"unit":"px","size":21,"sizes":[]},"digits_typography_font_size_tablet":{"unit":"px","size":18,"sizes":[]},"digits_typography_font_weight":"700","digits_typography_text_transform":"capitalize","digits_typography_line_height":{"unit":"em","size":1.4,"sizes":[]},"label_typography_typography":"custom","label_typography_font_family":"Inter","label_typography_font_size":{"unit":"px","size":13,"sizes":[]},"label_typography_font_weight":"400","label_typography_font_style":"normal","label_typography_line_height":{"unit":"em","size":1.5,"sizes":[]},"_background_color":"#05B895"},"elements":[],"isInner":false,"widgetType":"countdown","elType":"widget"}],"isInner":true,"elType":"column"}],"isInner":true,"elType":"section"},{"id":"673c480a","settings":{"column_gap":{"unit":"px","size":24,"sizes":[]},"row_gap":{"unit":"px","size":48,"sizes":[]},"align":"center","title_spacing":{"unit":"px","size":0,"sizes":[]},"button_background_color":"rgba(2, 1, 1, 0)","button_border_border":"solid","button_border_width":{"unit":"px","top":"0","right":"0","bottom":"1","left":"0","isLinked":false},"button_border_radius":{"unit":"px","top":"0","right":"0","bottom":"0","left":"0","isLinked":true},"button_text_padding":{"unit":"px","top":"0","right":"0","bottom":"0","left":"0","isLinked":false},"onsale_width":{"unit":"px","size":48,"sizes":[]},"onsale_height":{"unit":"px","size":48,"sizes":[]},"onsale_distance":{"unit":"px","size":-20,"sizes":[]},"pagination_spacing":{"unit":"px","size":64,"sizes":[]},"show_pagination_border":"","pagination_border_color":"rgba(2, 1, 1, 0)","pagination_padding":{"unit":"px","size":12,"sizes":[]},"pagination_link_color_active":"#FFFFFF","rows":2,"__globals__":{"button_text_color":"","button_hover_color":"","button_hover_border_color":"","button_border_color":"","title_typography_typography":"","price_typography_typography":"","price_color":"","button_typography_typography":"","onsale_typography_typography":"","onsale_text_background_color":"globals\/colors?id=primary","pagination_link_bg_color_active":"globals\/colors?id=primary","pagination_link_bg_color_hover":"globals\/colors?id=d3ae19d"},"button_spacing":{"unit":"px","size":0,"sizes":[]},"title_typography_typography":"custom","title_typography_font_family":"Inter","title_typography_font_size":{"unit":"px","size":16,"sizes":[]},"title_typography_font_weight":"700","title_typography_text_transform":"capitalize","title_typography_line_height":{"unit":"em","size":1.5,"sizes":[]},"price_color":"#555555","price_typography_typography":"custom","price_typography_font_family":"Inter","price_typography_font_size":{"unit":"px","size":16,"sizes":[]},"price_typography_font_weight":"400","price_typography_line_height":{"unit":"em","size":1.5,"sizes":[]},"button_text_color":"#00A585","button_border_color":"#05B895","button_typography_typography":"custom","button_typography_font_family":"Inter","button_typography_font_size":{"unit":"px","size":15,"sizes":[]},"button_typography_font_weight":"500","button_typography_line_height":{"unit":"em","size":1.5,"sizes":[]},"button_typography_letter_spacing":{"unit":"px","size":0,"sizes":[]},"button_hover_color":"#00A585","button_hover_border_color":"#00A585","onsale_text_background_color":"#05B895","onsale_typography_font_family":"Inter","onsale_typography_font_size":{"unit":"px","size":13,"sizes":[]},"onsale_typography_font_weight":"400","onsale_typography_line_height":{"unit":"em","size":1.5,"sizes":[]},"show_onsale_flash":"","columns_tablet":3,"title_typography_font_style":"normal","price_typography_font_style":"normal","pagination_link_bg_color_hover":"#F5F8F9","pagination_link_bg_color_active":"#05B895","title_color":"#282828"},"elements":[],"isInner":false,"widgetType":"woocommerce-products","elType":"widget"}],"isInner":false,"elType":"column"}],"isInner":false,"elType":"section"},{"id":"461f5087","settings":{"gap":"wider","structure":"20","padding":{"unit":"px","top":"0","right":"0","bottom":"96","left":"0","isLinked":false},"padding_tablet":{"unit":"px","top":"0","right":"0","bottom":"48","left":"0","isLinked":false}},"elements":[{"id":"4d6b7c74","settings":{"_column_size":50,"_inline_size":null,"_inline_size_tablet":100,"space_between_widgets":0},"elements":[{"id":"ec8b4ea","settings":{"skin":"cover","bg_image":{"id":"76","url":"https:\/\/demo.dwtutorial.com\/xtronic\/wp-content\/uploads\/sites\/3\/2021\/10\/Samsung-Galaxy-Buds-Plus-TWS-Earbuds-Blue.H03.2k-1.jpg"},"graphic_element":"image","graphic_image":{"url":"","id":""},"title":"Earphone","description":"Lorem ipsum dolor sit amet <br>consectetur adipiscing elit dolor","button":"Grab Now","ribbon_title":"2 products left","ribbon_horizontal_position":"right","min-height":{"unit":"px","size":245,"sizes":[]},"min-height_mobile":{"unit":"px","size":350,"sizes":[]},"alignment":"left","vertical_position":"bottom","graphic_image_spacing":{"unit":"px","size":31,"sizes":[]},"button_border_width":{"unit":"px","size":0,"sizes":[]},"ribbon_distance":{"unit":"px","size":60,"sizes":[]},"__globals__":{"ribbon_typography_typography":"","ribbon_bg_color":"","button_background_color":"","title_color":"","description_color":"","title_typography_typography":""},"padding":{"unit":"px","top":"30","right":"30","bottom":"30","left":"30","isLinked":true},"content_animation":"shrink","_margin":{"unit":"px","top":"0","right":"0","bottom":"24","left":"0","isLinked":false},"title_typography_typography":"custom","title_typography_font_family":"Inter","title_typography_font_size":{"unit":"px","size":50,"sizes":[]},"title_typography_font_size_tablet":{"unit":"px","size":38,"sizes":[]},"title_typography_font_weight":"700","title_typography_text_transform":"capitalize","title_typography_line_height":{"unit":"em","size":1.1,"sizes":[]},"title_color":"#282828","description_color":"#282828","button_background_color":"#05B895","ribbon_bg_color":"#05B895","ribbon_typography_typography":"custom","ribbon_typography_font_family":"Inter","ribbon_typography_font_size":{"unit":"px","size":16,"sizes":[]},"ribbon_typography_font_weight":"500","ribbon_typography_line_height":{"unit":"em","size":1.5,"sizes":[]},"description_typography_typography":"custom","description_typography_font_family":"Inter","description_typography_font_weight":"400","button_typography_typography":"custom","button_typography_font_family":"Inter","button_typography_font_weight":"500","button_typography_line_height":{"unit":"px","size":24,"sizes":[]},"overlay_color":"#FAFAFA7D","overlay_color_hover":"#FAFAFAB5"},"elements":[],"isInner":false,"widgetType":"call-to-action","elType":"widget"},{"id":"255c193d","settings":{"skin":"cover","bg_image":{"id":"77","url":"https:\/\/demo.dwtutorial.com\/xtronic\/wp-content\/uploads\/sites\/3\/2021\/10\/Laptop-Tablet-Computer.H03.2k-1.jpg"},"graphic_element":"image","graphic_image":{"url":"","id":""},"title":"Laptop","description":"Lorem ipsum dolor sit amet <br>consectetur adipiscing elit","button":"Grab Now","ribbon_title":"10 products left","ribbon_horizontal_position":"right","min-height":{"unit":"px","size":245,"sizes":[]},"min-height_mobile":{"unit":"px","size":350,"sizes":[]},"alignment":"left","vertical_position":"bottom","graphic_image_spacing":{"unit":"px","size":31,"sizes":[]},"button_border_width":{"unit":"px","size":0,"sizes":[]},"ribbon_distance":{"unit":"px","size":60,"sizes":[]},"__globals__":{"ribbon_typography_typography":"","ribbon_bg_color":"","button_background_color":"","title_color":"","description_color":"","overlay_color":"","title_typography_typography":""},"padding":{"unit":"px","top":"30","right":"30","bottom":"30","left":"30","isLinked":true},"title_color":"#282828","description_color":"#282828","button_background_color":"#05B895","ribbon_bg_color":"#05B895","ribbon_typography_typography":"custom","ribbon_typography_font_family":"Inter","ribbon_typography_font_size":{"unit":"px","size":16,"sizes":[]},"ribbon_typography_font_weight":"500","ribbon_typography_line_height":{"unit":"em","size":1.5,"sizes":[]},"content_animation":"shrink","title_typography_typography":"custom","title_typography_font_family":"Inter","title_typography_font_size":{"unit":"px","size":50,"sizes":[]},"title_typography_font_size_tablet":{"unit":"px","size":38,"sizes":[]},"title_typography_font_weight":"700","title_typography_text_transform":"capitalize","title_typography_line_height":{"unit":"em","size":1.1,"sizes":[]},"description_typography_typography":"custom","description_typography_font_family":"Inter","description_typography_font_weight":"400","button_typography_typography":"custom","button_typography_font_family":"Inter","button_typography_font_weight":"500","button_typography_line_height":{"unit":"px","size":24,"sizes":[]},"_margin":{"unit":"px","top":"0","right":"0","bottom":"0","left":"0","isLinked":false},"overlay_color":"#FAFAFA7D","overlay_color_hover":"#FAFAFAB5"},"elements":[],"isInner":false,"widgetType":"call-to-action","elType":"widget"}],"isInner":false,"elType":"column"},{"id":"30a70269","settings":{"_column_size":50,"_inline_size":null,"_inline_size_tablet":100},"elements":[{"id":"7e2bf6d5","settings":{"skin":"cover","bg_image":{"id":81,"url":"https:\/\/demo.dwtutorial.com\/xtronic\/wp-content\/uploads\/sites\/3\/2021\/10\/Digital-Drawing-Tablet.H03.2k-1.jpg"},"graphic_element":"image","graphic_image":{"url":"","id":""},"title":"Tablet","description":"Lorem ipsum dolor sit amet <br>consectetur adipiscing elit dolor","button":"Grab Now","ribbon_title":"5 products left","ribbon_horizontal_position":"right","min-height":{"unit":"px","size":514,"sizes":[]},"min-height_mobile":{"unit":"px","size":350,"sizes":[]},"alignment":"left","vertical_position":"bottom","graphic_image_spacing":{"unit":"px","size":31,"sizes":[]},"button_border_width":{"unit":"px","size":0,"sizes":[]},"ribbon_distance":{"unit":"px","size":60,"sizes":[]},"__globals__":{"ribbon_typography_typography":"","ribbon_bg_color":"","button_background_color":"","title_color":"","description_color":"","title_typography_typography":"","overlay_color":""},"padding":{"unit":"px","top":"30","right":"30","bottom":"30","left":"30","isLinked":true},"content_animation":"shrink","title_typography_typography":"custom","title_typography_font_family":"Inter","title_typography_font_size":{"unit":"px","size":50,"sizes":[]},"title_typography_font_size_tablet":{"unit":"px","size":38,"sizes":[]},"title_typography_font_weight":"700","title_typography_text_transform":"capitalize","title_typography_line_height":{"unit":"em","size":1.1,"sizes":[]},"title_color":"#282828","description_color":"#282828","button_background_color":"#05B895","ribbon_bg_color":"#05B895","ribbon_typography_typography":"custom","ribbon_typography_font_family":"Inter","ribbon_typography_font_size":{"unit":"px","size":16,"sizes":[]},"ribbon_typography_font_weight":"500","ribbon_typography_line_height":{"unit":"em","size":1.5,"sizes":[]},"description_typography_typography":"custom","description_typography_font_family":"Inter","description_typography_font_weight":"400","button_typography_typography":"custom","button_typography_font_family":"Inter","button_typography_font_weight":"500","overlay_color":"#FAFAFA7D","overlay_color_hover":"#FAFAFAB5"},"elements":[],"isInner":false,"widgetType":"call-to-action","elType":"widget"}],"isInner":false,"elType":"column"}],"isInner":false,"elType":"section"},{"id":"494b48ee","settings":{"structure":"30","gap":"wider","padding":{"unit":"px","top":"96","right":"0","bottom":"96","left":"0","isLinked":""},"padding_tablet":{"unit":"px","top":"48","right":"0","bottom":"48","left":"0","isLinked":""},"custom_height":{"unit":"px","size":199,"sizes":[]},"background_background":"classic","background_image":{"id":"52","url":"https:\/\/demo.dwtutorial.com\/xtronic\/wp-content\/uploads\/sites\/3\/2021\/10\/gamer-workspace-concept-top-view-creative-photo-EFC77JZ.jpg"},"background_position":"initial","background_size":"cover","background_motion_fx_motion_fx_scrolling":"yes","background_motion_fx_translateY_effect":"yes","background_overlay_opacity":{"unit":"px","size":0.21,"sizes":[]},"__globals__":{"background_overlay_color":"globals\/colors?id=a047deb"},"background_position_tablet":"center center","background_motion_fx_translateY_speed":{"unit":"px","size":10,"sizes":[]},"background_motion_fx_devices":["desktop"],"background_position_mobile":"initial","background_xpos_mobile":{"unit":"px","size":-386,"sizes":[]}},"elements":[{"id":"2c10cc3b","settings":{"_column_size":"33","_inline_size":49.078,"content_position":"bottom","_inline_size_tablet":"57"},"elements":[{"id":"37893c57","settings":{"slides":[{"content":"\u201cNullam quis risus eget urna mollis ornare vel eu leo. Aenean lacinia bibendum nulla sed consectetur lorem ipsum leo quam akismet\u201d","name":"Martin Tino","title":"Navy Seal","_id":"4e34d98"},{"content":"\u201cInteger posuere erat a ante venenatis dapibus posuere velit aliquet. Fusce dapibus, tellus ac cursus commodo, tortor mauris \u201d","name":"Luis Margo","title":"Police Officer","_id":"5c78a30"},{"content":"\u201cLorem ipsum dolor sit amet, consectetur adipiscing elit. Ut elit tellus, luctus nec ullamcorper mattis, pulvinar dapibus \u201d","name":"Lubi Juno","title":"Landlord","_id":"7b3e38d"}],"width_mobile":{"unit":"%","size":100,"sizes":[]},"_margin":{"unit":"px","top":"24","right":"0","bottom":"0","left":"0","isLinked":false},"__globals__":{"name_color":"","name_typography_typography":"","title_color":"","title_typography_typography":"","content_typography_typography":"","content_color":"","_background_color":""},"slide_padding":{"unit":"px","top":"0","right":"0","bottom":"0","left":"0","isLinked":false},"alignment":"left","slides_per_view":"2","show_arrows":"","pagination":"","autoplay_speed":4000,"space_between":{"unit":"px","size":64,"sizes":[]},"content_color":"#DEDEDE","name_color":"#FFFFFF","title_color":"#05B895","title_typography_typography":"custom","title_typography_font_size":{"unit":"px","size":13,"sizes":[]},"title_typography_font_weight":"400","title_typography_line_height":{"unit":"em","size":1.5,"sizes":[]},"_padding":{"unit":"px","top":"48","right":"48","bottom":"32","left":"48","isLinked":false},"_background_background":"classic","_background_color":"#282828","content_typography_typography":"custom","content_typography_font_family":"Inter","content_typography_font_size":{"unit":"px","size":16,"sizes":[]},"content_typography_font_weight":"400","content_typography_font_style":"normal","content_typography_line_height":{"unit":"em","size":1.5,"sizes":[]},"name_typography_typography":"custom","name_typography_font_family":"Inter","name_typography_font_size":{"unit":"px","size":16,"sizes":[]},"name_typography_font_weight":"700","name_typography_text_transform":"capitalize","name_typography_font_style":"normal","name_typography_line_height":{"unit":"em","size":1.5,"sizes":[]},"title_typography_font_family":"Inter","title_typography_font_style":"normal"},"elements":[],"isInner":false,"widgetType":"testimonial-carousel","elType":"widget"}],"isInner":false,"elType":"column"},{"id":"159c88b2","settings":{"_column_size":"33","_inline_size":40.639},"elements":[],"isInner":"","elType":"column"},{"id":"4539f246","settings":{"_column_size":"33","_inline_size":"9.615","_inline_size_tablet":"2"},"elements":[],"isInner":"","elType":"column"}],"isInner":"","elType":"section"}],"page_settings":{"hide_title":"yes"},"version":"0.4","title":"Shop Page 2","type":"page"}