{"content":[{"id":"35a6d5d7","settings":{"height":"min-height","background_background":"classic","background_image":{"id":"2335","url":"https:\/\/www.darrelmultivendor.com\/wp-content\/uploads\/2021\/10\/Webp.net-compress-image.jpg"},"background_position":"center center","background_size":"cover","custom_height":{"unit":"px","size":200,"sizes":[]},"background_overlay_background":"classic","__globals__":{"background_overlay_color":""},"background_overlay_opacity":{"unit":"px","size":0.9,"sizes":[]},"background_overlay_color":"#FFFFFF"},"elements":[{"id":"960c73b","settings":{"_column_size":100,"_inline_size":null,"space_between_widgets":0},"elements":[{"id":"3a8fd354","settings":{"title":"Go Purchase","align":"center","_margin":{"unit":"px","top":"0","right":"0","bottom":"16","left":"0","isLinked":false},"__globals__":{"typography_typography":"","title_color":""},"title_color":"#282828","typography_typography":"custom","typography_font_family":"Inter","typography_font_size":{"unit":"px","size":16,"sizes":[]},"typography_font_weight":"700","typography_line_height":{"unit":"px","size":24,"sizes":[]}},"elements":[],"isInner":false,"widgetType":"heading","elType":"widget"},{"id":"393d53a9","settings":{"title":"Shop Page 1","align":"center","__globals__":{"typography_typography":"","title_color":""},"title_color":"#282828","typography_typography":"custom","typography_font_family":"Inter","typography_font_size":{"unit":"px","size":50,"sizes":[]},"typography_font_weight":"600","typography_line_height":{"unit":"px","size":55,"sizes":[]}},"elements":[],"isInner":false,"widgetType":"heading","elType":"widget"}],"isInner":false,"elType":"column"}],"isInner":false,"elType":"section"},{"id":"3deef212","settings":{"gap":"wider","structure":"20","padding":{"unit":"px","top":"96","right":"0","bottom":"96","left":"0","isLinked":false},"padding_tablet":{"unit":"px","top":"48","right":"0","bottom":"48","left":"0","isLinked":false}},"elements":[{"id":"5d1e94d4","settings":{"_column_size":50,"_inline_size":70,"_inline_size_tablet":100,"margin":{"unit":"px","top":"0","right":"30","bottom":"0","left":"0","isLinked":false},"margin_tablet":{"unit":"px","top":"0","right":"0","bottom":"0","left":"0","isLinked":false}},"elements":[{"id":"66d68e54","settings":{"column_gap":{"unit":"px","size":24,"sizes":[]},"row_gap":{"unit":"px","size":48,"sizes":[]},"align":"center","title_spacing":{"unit":"px","size":0,"sizes":[]},"button_background_color":"rgba(2, 1, 1, 0)","button_border_border":"solid","button_border_width":{"unit":"px","top":"0","right":"0","bottom":"1","left":"0","isLinked":false},"button_border_radius":{"unit":"px","top":"0","right":"0","bottom":"0","left":"0","isLinked":true},"button_text_padding":{"unit":"px","top":"0","right":"0","bottom":"0","left":"0","isLinked":false},"onsale_width":{"unit":"px","size":48,"sizes":[]},"onsale_height":{"unit":"px","size":48,"sizes":[]},"onsale_distance":{"unit":"px","size":-20,"sizes":[]},"pagination_spacing":{"unit":"px","size":64,"sizes":[]},"show_pagination_border":"","pagination_border_color":"rgba(2, 1, 1, 0)","pagination_padding":{"unit":"px","size":12,"sizes":[]},"pagination_link_color_active":"#FFFFFF","rows":3,"__globals__":{"button_text_color":"","button_hover_color":"","button_hover_border_color":"","button_border_color":"","title_typography_typography":"","price_typography_typography":"","price_color":"","button_typography_typography":"","onsale_typography_typography":"","onsale_text_background_color":"globals\/colors?id=primary","pagination_link_bg_color_active":"","pagination_link_bg_color_hover":""},"button_spacing":{"unit":"px","size":0,"sizes":[]},"title_typography_typography":"custom","title_typography_font_family":"Inter","title_typography_font_size":{"unit":"px","size":16,"sizes":[]},"title_typography_font_weight":"700","title_typography_text_transform":"capitalize","title_typography_line_height":{"unit":"em","size":1.5,"sizes":[]},"price_color":"#555555","price_typography_typography":"custom","price_typography_font_family":"Inter","price_typography_font_size":{"unit":"px","size":16,"sizes":[]},"price_typography_font_weight":"400","price_typography_line_height":{"unit":"em","size":1.5,"sizes":[]},"button_text_color":"#05B895","button_border_color":"#05B895","button_typography_typography":"custom","button_typography_font_family":"Inter","button_typography_font_size":{"unit":"px","size":15,"sizes":[]},"button_typography_font_weight":"500","button_typography_line_height":{"unit":"em","size":1.5,"sizes":[]},"button_typography_letter_spacing":{"unit":"px","size":0,"sizes":[]},"button_hover_color":"#00A585","button_hover_border_color":"#00A585","onsale_typography_font_family":"Inter","onsale_typography_font_size":{"unit":"px","size":13,"sizes":[]},"onsale_typography_font_weight":"400","onsale_typography_line_height":{"unit":"em","size":1.5,"sizes":[]},"show_onsale_flash":"","paginate":"yes","columns_tablet":3,"title_typography_font_style":"normal","price_typography_font_style":"normal","pagination_link_bg_color_hover":"#F5F8F9","pagination_link_bg_color_active":"#05B895","title_color":"#282828","star_color":"#05B895","empty_star_color":"#E1E1E1","old_price_color":"#282828","old_price_typography_typography":"custom","old_price_typography_font_family":"Roboto","old_price_typography_font_weight":"600","pagination_link_color":"#05B895","star_size":{"unit":"em","size":1,"sizes":[]}},"elements":[],"isInner":false,"widgetType":"woocommerce-products","elType":"widget"}],"isInner":false,"elType":"column"},{"id":"17dbb917","settings":{"_column_size":50,"_inline_size":30,"_inline_size_tablet":100,"align_mobile":"center","background_background":"classic","margin":{"unit":"px","top":"30","right":"0","bottom":"0","left":"0","isLinked":false},"margin_tablet":{"unit":"px","top":"0","right":"0","bottom":"0","left":"0","isLinked":true},"__globals__":{"background_color":""},"background_color":"#F5F8F9"},"elements":[{"id":"6ebd6fc2","settings":{"selected_icon":{"value":"fas fa-circle","library":"fa-solid"},"title_text":"Grab Fast","description_text":"","position":"right","title_size":"div","icon_space":{"unit":"px","size":3,"sizes":[]},"icon_size":{"unit":"px","size":6,"sizes":[]},"content_vertical_alignment":"middle","title_bottom_space":{"unit":"px","size":10,"sizes":[]},"_element_width":"auto","__globals__":{"primary_color":"","title_typography_typography":"","title_color":""},"primary_color":"#05B895","title_color":"#282828","_margin":{"unit":"px","top":"0","right":"0","bottom":"16","left":"0","isLinked":false},"title_typography_typography":"custom","title_typography_font_family":"Inter","title_typography_font_size":{"unit":"px","size":21,"sizes":[]},"title_typography_font_size_tablet":{"unit":"px","size":18,"sizes":[]},"title_typography_font_weight":"700","title_typography_text_transform":"capitalize","title_typography_line_height":{"unit":"em","size":1.4,"sizes":[]},"description_typography_typography":"custom","description_typography_font_family":"Roboto","description_typography_font_weight":"400"},"elements":[],"isInner":false,"widgetType":"icon-box","elType":"widget"},{"id":"1fe9483d","settings":{"column_gap":{"unit":"px","size":24,"sizes":[]},"row_gap":{"unit":"px","size":48,"sizes":[]},"align":"center","title_spacing":{"unit":"px","size":0,"sizes":[]},"button_background_color":"rgba(2, 1, 1, 0)","button_border_border":"solid","button_border_width":{"unit":"px","top":"0","right":"0","bottom":"1","left":"0","isLinked":false},"button_border_radius":{"unit":"px","top":"0","right":"0","bottom":"0","left":"0","isLinked":true},"button_text_padding":{"unit":"px","top":"0","right":"0","bottom":"0","left":"0","isLinked":false},"onsale_width":{"unit":"px","size":48,"sizes":[]},"onsale_height":{"unit":"px","size":48,"sizes":[]},"onsale_distance":{"unit":"px","size":-20,"sizes":[]},"pagination_spacing":{"unit":"px","size":64,"sizes":[]},"show_pagination_border":"","pagination_border_color":"rgba(2, 1, 1, 0)","pagination_padding":{"unit":"px","size":12,"sizes":[]},"pagination_link_color_active":"#FFFFFF","rows":1,"__globals__":{"button_text_color":"","button_hover_color":"","button_hover_border_color":"","button_border_color":"","title_typography_typography":"","price_typography_typography":"","price_color":"","button_typography_typography":"","onsale_typography_typography":"","onsale_text_background_color":"globals\/colors?id=primary","pagination_link_bg_color_active":"","pagination_link_bg_color_hover":""},"button_spacing":{"unit":"px","size":0,"sizes":[]},"title_typography_typography":"custom","title_typography_font_family":"Inter","title_typography_font_size":{"unit":"px","size":16,"sizes":[]},"title_typography_font_weight":"700","title_typography_text_transform":"capitalize","title_typography_line_height":{"unit":"em","size":1.5,"sizes":[]},"price_typography_typography":"custom","price_typography_font_family":"Inter","price_typography_font_size":{"unit":"px","size":16,"sizes":[]},"price_typography_font_weight":"400","price_typography_line_height":{"unit":"em","size":1.5,"sizes":[]},"button_typography_typography":"custom","button_typography_font_family":"Inter","button_typography_font_size":{"unit":"px","size":15,"sizes":[]},"button_typography_font_weight":"500","button_typography_line_height":{"unit":"em","size":1.5,"sizes":[]},"button_typography_letter_spacing":{"unit":"px","size":0,"sizes":[]},"button_hover_color":"#00A585","button_hover_border_color":"#00A585","onsale_typography_font_family":"Inter","onsale_typography_font_size":{"unit":"px","size":13,"sizes":[]},"onsale_typography_font_weight":"400","onsale_typography_line_height":{"unit":"em","size":1.5,"sizes":[]},"show_onsale_flash":"","columns":2,"columns_tablet":3,"title_color":"#282828","title_typography_font_style":"normal","star_color":"#05B895","empty_star_color":"#E1E1E1","star_size":{"unit":"em","size":1,"sizes":[]},"price_color":"#555555","price_typography_font_style":"normal","old_price_color":"#282828","old_price_typography_typography":"custom","old_price_typography_font_family":"Roboto","old_price_typography_font_weight":"600","button_text_color":"#05B895","button_border_color":"#05B895","pagination_link_color":"#05B895","pagination_link_bg_color_hover":"#F5F8F9","pagination_link_bg_color_active":"#05B895"},"elements":[],"isInner":false,"widgetType":"woocommerce-products","elType":"widget"},{"id":"53eb7c05","settings":{"selected_icon":{"value":"fas fa-circle","library":"fa-solid"},"title_text":"Limited Product","description_text":"","position":"right","title_size":"div","icon_space":{"unit":"px","size":3,"sizes":[]},"icon_size":{"unit":"px","size":6,"sizes":[]},"content_vertical_alignment":"middle","title_bottom_space":{"unit":"px","size":10,"sizes":[]},"_element_width":"auto","__globals__":{"primary_color":"","title_typography_typography":"","title_color":""},"primary_color":"#05B895","title_color":"#282828","_margin":{"unit":"px","top":"40","right":"0","bottom":"16","left":"0","isLinked":false},"title_typography_typography":"custom","title_typography_font_family":"Inter","title_typography_font_size":{"unit":"px","size":21,"sizes":[]},"title_typography_font_size_tablet":{"unit":"px","size":18,"sizes":[]},"title_typography_font_weight":"700","title_typography_text_transform":"capitalize","title_typography_line_height":{"unit":"em","size":1.4,"sizes":[]}},"elements":[],"isInner":false,"widgetType":"icon-box","elType":"widget"},{"id":"88d0603","settings":{"skin":"cover","bg_image":{"id":2406,"url":"https:\/\/www.darrelmultivendor.com\/wp-content\/uploads\/2021\/10\/Samsung-Galaxy-Buds-Plus-TWS-Earbuds-Blue.H03.2k-1.jpg"},"graphic_element":"image","graphic_image":{"url":"","id":""},"title":"Airpods","description":"Lorem ipsum dolor sit amet <br>consectetur adipiscing elit dolor","button":"Grab Now","ribbon_title":"2 products left","ribbon_horizontal_position":"right","min-height":{"unit":"px","size":350,"sizes":[]},"min-height_mobile":{"unit":"px","size":417,"sizes":[]},"alignment":"left","vertical_position":"bottom","graphic_image_spacing":{"unit":"px","size":31,"sizes":[]},"button_border_width":{"unit":"px","size":0,"sizes":[]},"ribbon_distance":{"unit":"px","size":60,"sizes":[]},"__globals__":{"ribbon_typography_typography":"","ribbon_bg_color":"","button_background_color":"","title_color":"","description_color":"","button_hover_background_color":"","button_typography_typography":""},"content_animation":"shrink","title_color":"#282828","description_color":"#282828","button_typography_typography":"custom","button_typography_font_family":"Inter","button_typography_font_size":{"unit":"px","size":16,"sizes":[]},"button_typography_font_weight":"500","button_typography_line_height":{"unit":"em","size":1.5,"sizes":[]},"button_background_color":"#05B895","button_hover_background_color":"#00A585","ribbon_bg_color":"#05B895","ribbon_typography_typography":"custom","ribbon_typography_font_family":"Inter","ribbon_typography_font_size":{"unit":"px","size":16,"sizes":[]},"ribbon_typography_font_weight":"500","ribbon_typography_line_height":{"unit":"px","size":24,"sizes":[]},"title_typography_typography":"custom","title_typography_font_family":"Inter","title_typography_font_weight":"600","description_typography_typography":"custom","description_typography_font_family":"Inter","description_typography_font_weight":"400","ribbon_text_color":"#FFFFFF"},"elements":[],"isInner":false,"widgetType":"call-to-action","elType":"widget"},{"id":"2a86e44a","settings":{"selected_icon":{"value":"fas fa-circle","library":"fa-solid"},"title_text":"Testimonials","description_text":"","position":"right","title_size":"div","icon_space":{"unit":"px","size":3,"sizes":[]},"icon_size":{"unit":"px","size":6,"sizes":[]},"content_vertical_alignment":"middle","title_bottom_space":{"unit":"px","size":10,"sizes":[]},"_element_width":"auto","__globals__":{"primary_color":"","title_typography_typography":"","title_color":""},"primary_color":"#05B895","title_color":"#282828","_margin":{"unit":"px","top":"40","right":"0","bottom":"16","left":"0","isLinked":false},"title_typography_typography":"custom","title_typography_font_family":"Inter","title_typography_font_size":{"unit":"px","size":21,"sizes":[]},"title_typography_font_size_tablet":{"unit":"px","size":18,"sizes":[]},"title_typography_font_weight":"700","title_typography_text_transform":"capitalize","title_typography_line_height":{"unit":"em","size":1.4,"sizes":[]}},"elements":[],"isInner":false,"widgetType":"icon-box","elType":"widget"},{"id":"3fabb833","settings":{"slides":[{"content":"\u201cLorem ipsum dolor sit amet, consectetur adipiscing elit. Ut elit tellus, luctus nec ullamcorper mattis, pulvinar dapibus leo\u201d","name":"John Doe","title":"Accountant, Colibri","_id":"074a119"},{"content":"\u201cLorem ipsum dolor sit amet, consectetur adipiscing elit. Ut elit tellus, luctus nec ullamcorper mattis, pulvinar dapibus leo\u201d","name":"Max Powell","title":"CEO, Falcon","_id":"eb46ccf"},{"content":"\u201cLorem ipsum dolor sit amet, consectetur adipiscing elit. Ut elit tellus, luctus nec ullamcorper mattis, pulvinar dapibus leo\u201d","name":"Alex Palo","title":"Owner, Eagle","_id":"5439117"}],"alignment":"left","show_arrows":"","speed":900,"slide_padding":{"unit":"px","top":"0","right":"0","bottom":"0","left":"0","isLinked":false},"name_color":"#333333","name_typography_typography":"custom","name_typography_font_size":{"unit":"px","size":16,"sizes":[]},"name_typography_font_weight":"700","title_typography_typography":"custom","title_typography_font_size":{"unit":"px","size":11,"sizes":[]},"title_typography_font_weight":"500","title_typography_text_transform":"uppercase","title_typography_letter_spacing":{"unit":"px","size":2,"sizes":[]},"_margin":{"unit":"px","top":"0","right":"-9","bottom":"0","left":"-9","isLinked":false},"__globals__":{"content_typography_typography":""},"content_color":"#555555","content_typography_typography":"custom","content_typography_font_family":"Inter","content_typography_font_size":{"unit":"px","size":16,"sizes":[]},"content_typography_font_weight":"400","content_typography_line_height":{"unit":"px","size":24,"sizes":[]},"name_typography_font_family":"Inter","title_typography_font_family":"Inter","content_typography_font_style":"normal"},"elements":[],"isInner":false,"widgetType":"testimonial-carousel","elType":"widget"}],"isInner":false,"elType":"column"}],"isInner":false,"elType":"section"},{"id":"2429662e","settings":{"background_background":"classic","background_image":{"id":2407,"url":"https:\/\/www.darrelmultivendor.com\/wp-content\/uploads\/2021\/10\/Laptop-Tablet-Computer.H03.2k-1.jpg"},"background_position":"center center","background_size":"cover","border_border":"solid","border_width":{"unit":"px","top":"0","right":"0","bottom":"0","left":"0","isLinked":false},"border_color":"#FFFFFF","padding":{"unit":"px","top":"96","right":"0","bottom":"96","left":"0","isLinked":false},"background_bg_width":{"unit":"px","size":"","sizes":[]},"background_motion_fx_translateY_direction":"negative","background_motion_fx_translateY_speed":{"unit":"px","size":2.5,"sizes":[]},"border_width_tablet":{"unit":"px","top":"0","right":"0","bottom":"0","left":"0","isLinked":true},"background_ypos":{"unit":"%","size":73,"sizes":[]},"custom_height_mobile":{"unit":"px","size":100,"sizes":[]},"animation":"fadeIn","_title":"PLAY VIDEO","__globals__":{"background_color":"globals\/colors?id=5d1f49b"},"padding_tablet":{"unit":"px","top":"48","right":"0","bottom":"48","left":"0","isLinked":false},"padding_mobile":{"unit":"px","top":"48","right":"0","bottom":"48","left":"0","isLinked":false},"gap":"wider","background_repeat":"no-repeat","background_motion_fx_translateY_effect":"yes","background_motion_fx_translateY_affectedRange":{"unit":"%","size":"","sizes":{"start":19,"end":75}},"background_position_mobile":"initial","custom_height":{"unit":"px","size":450,"sizes":[]},"layout":"full_width","structure":"20","background_position_tablet":"initial","background_xpos_tablet":{"unit":"px","size":-263,"sizes":[]},"background_xpos_mobile":{"unit":"px","size":-190,"sizes":[]},"background_ypos_tablet":{"unit":"px","size":-436,"sizes":[]},"background_size_tablet":"initial","background_size_mobile":"initial","background_bg_width_tablet":{"unit":"%","size":190,"sizes":[]},"background_bg_width_mobile":{"unit":"%","size":300,"sizes":[]}},"elements":[{"id":"6a063dbc","settings":{"_column_size":50,"_inline_size":null,"align":"center","content_position":"center"},"elements":[{"id":"71271b17","settings":{"structure":"20"},"elements":[{"id":"14eff84","settings":{"_column_size":50,"_inline_size":72,"padding":{"unit":"px","top":"0","right":"0","bottom":"0","left":"0","isLinked":false},"_inline_size_tablet":100,"align_mobile":"center","space_between_widgets":0},"elements":[{"id":"7d2ec08e","settings":{"selected_icon":{"value":"fas fa-circle","library":"fa-solid"},"title_text":"Our Process","description_text":"","position":"right","title_size":"div","icon_space":{"unit":"px","size":3,"sizes":[]},"icon_size":{"unit":"px","size":6,"sizes":[]},"content_vertical_alignment":"middle","title_bottom_space":{"unit":"px","size":10,"sizes":[]},"_element_width":"auto","__globals__":{"primary_color":"","title_typography_typography":"","title_color":""},"primary_color":"#05B895","title_color":"#282828","title_typography_typography":"custom","title_typography_font_family":"Inter","title_typography_font_size":{"unit":"px","size":16,"sizes":[]},"title_typography_font_weight":"800","title_typography_line_height":{"unit":"em","size":1.5,"sizes":[]},"description_typography_typography":"custom","description_typography_font_family":"Inter","description_typography_font_weight":"400"},"elements":[],"isInner":false,"widgetType":"icon-box","elType":"widget"},{"id":"785d531a","settings":{"title":"Whatever You Need, We've Got It","typography_font_size":{"unit":"px","size":50,"sizes":[]},"_margin":{"unit":"px","top":"0","right":"0","bottom":"24","left":"0","isLinked":false},"align_mobile":"center","_animation":"fadeInUp","__globals__":{"title_color":""},"title_color":"#000000","typography_typography":"custom","typography_font_family":"Inter","typography_font_weight":"700","typography_line_height":{"unit":"px","size":55,"sizes":[]}},"elements":[],"isInner":false,"widgetType":"heading","elType":"widget"},{"id":"329981e0","settings":{"editor":"<p>Curabitur blandit tempus porttitor. Nulla vitae elit libero, a pharetra augue lorem upsum dolor site blandit tempus porttitor<\/p>","align_mobile":"center","__globals__":{"text_color":"","typography_typography":"","_background_color":"","_border_color":"globals\/colors?id=primary"},"align":"left","_padding":{"unit":"px","top":"0","right":"24","bottom":"0","left":"0","isLinked":false},"_padding_tablet":{"unit":"px","top":"0","right":"32","bottom":"24","left":"0","isLinked":false},"_padding_mobile":{"unit":"px","top":"0","right":"16","bottom":"16","left":"16","isLinked":false},"_animation":"fadeInLeft","_animation_tablet":"fadeInLeft","_background_background":"classic","_border_width":{"unit":"px","top":"0","right":"0","bottom":"0","left":"4","isLinked":false},"text_color":"#000000","_animation_delay":100,"_animation_mobile":"fadeInLeft","_margin":{"unit":"px","top":"0","right":"0","bottom":"-24","left":"0","isLinked":false},"typography_typography":"custom","typography_font_family":"Inter","typography_font_size":{"unit":"px","size":16,"sizes":[]},"typography_font_weight":"400","typography_text_transform":"none","typography_font_style":"normal","typography_text_decoration":"none","typography_line_height":{"unit":"px","size":24,"sizes":[]}},"elements":[],"isInner":false,"widgetType":"text-editor","elType":"widget"}],"isInner":true,"elType":"column"},{"id":"69d1df29","settings":{"_column_size":50,"_inline_size":28,"hide_mobile":"hidden-mobile"},"elements":[],"isInner":true,"elType":"column"}],"isInner":true,"elType":"section"}],"isInner":false,"elType":"column"},{"id":"241eb6fe","settings":{"_column_size":50,"_inline_size":null,"align":"center","content_position":"center","align_mobile":"center","padding_mobile":{"unit":"px","top":"0","right":"0","bottom":"0","left":"0","isLinked":false}},"elements":[{"id":"3da2c74a","settings":[],"elements":[{"id":"15eed831","settings":{"_column_size":100,"_inline_size":null,"align_mobile":"center","padding":{"unit":"px","top":"0","right":"0","bottom":"0","left":"150","isLinked":false},"padding_mobile":{"unit":"px","top":"0","right":"0","bottom":"0","left":"0","isLinked":false}},"elements":[{"id":"24295788","settings":{"selected_icon":{"value":"far fa-play-circle","library":"fa-regular"},"title_text":"Play Video","description_text":"","link":{"url":"#","is_external":"","nofollow":"","custom_attributes":""},"position":"left","title_size":"div","hover_animation":"grow","icon_space":{"unit":"px","size":8,"sizes":[]},"icon_size":{"unit":"px","size":29,"sizes":[]},"content_vertical_alignment":"middle","title_bottom_space":{"unit":"px","size":0,"sizes":[]},"_element_width":"auto","__globals__":{"primary_color":"","title_typography_typography":"","title_color":""},"__dynamic__":{"link":"[elementor-tag id=\"2235fa1\" name=\"lightbox\" settings=\"%7B%22type%22%3A%22video%22%2C%22video_url%22%3A%22https%3A%2F%2Fwww.youtube.com%2Fwatch%3Fv%3DXHOmBV4js_E%22%7D\"]"},"_margin_mobile":{"unit":"px","top":"0","right":"0","bottom":"24","left":"0","isLinked":false},"_element_width_mobile":"inherit","_animation":"fadeInUp","primary_color":"#333333","title_color":"#333333","title_typography_typography":"custom","title_typography_font_family":"Inter","title_typography_font_weight":"400","description_color":"#333333","description_typography_typography":"custom","description_typography_font_family":"Inter","description_typography_font_weight":"400"},"elements":[],"isInner":false,"widgetType":"icon-box","elType":"widget"}],"isInner":true,"elType":"column"}],"isInner":true,"elType":"section"}],"isInner":false,"elType":"column"}],"isInner":false,"elType":"section"}],"page_settings":{"hide_title":"yes"},"version":"0.4","title":"Elementor Products Archive #2404","type":"product-archive"}