{"content":[{"id":"3d6a9e75","settings":{"gap":"wider","custom_height":{"unit":"px","size":474,"sizes":[]},"custom_height_mobile":{"unit":"px","size":407,"sizes":[]},"content_position":"space-between","background_image":{"id":419,"url":"https:\/\/demo.dwtutorial.com\/xtronic\/wp-content\/uploads\/sites\/3\/2021\/10\/onur-binay-9jLI9Ux6IFo-unsplash-1.jpg","alt":"","source":"library"},"background_position":"initial","background_position_mobile":"center center","background_xpos_mobile":{"unit":"%","size":50,"sizes":[]},"background_ypos_mobile":{"unit":"px","size":-99,"sizes":[]},"background_size":"cover","background_overlay_color":"#000000","background_overlay_opacity":{"unit":"px","size":0.31,"sizes":[]},"padding_mobile":{"unit":"px","top":"0","right":"0","bottom":"0","left":"0","isLinked":false},"background_color":"#F2F6F5","background_xpos":{"unit":"%","size":62,"sizes":[]},"background_ypos":{"unit":"%","size":59,"sizes":[]},"background_bg_width":{"unit":"px","size":2000,"sizes":[]},"padding":{"unit":"px","top":"0","right":"0","bottom":"0","left":"0","isLinked":false},"content_width":{"unit":"px","size":1080,"sizes":[]},"layout":"full_width","height":"min-height","background_background":"classic"},"elements":[{"id":"468b412b","settings":{"_column_size":100,"_inline_size":null,"align":"center"},"elements":[{"id":"4b8b8c3e","settings":{"selected_icon":{"value":"fas fa-circle","library":"fa-solid"},"title_text":"End Year Clearance","description_text":"","position":"right","title_size":"div","icon_space":{"unit":"px","size":3,"sizes":[]},"icon_size":{"unit":"px","size":6,"sizes":[]},"content_vertical_alignment":"middle","title_bottom_space":{"unit":"px","size":10,"sizes":[]},"_element_width":"auto","__globals__":{"primary_color":"","title_typography_typography":"","title_color":""},"_margin":{"unit":"px","top":"0","right":"0","bottom":"-10","left":"0","isLinked":false},"primary_color":"#05B895","title_color":"#FFFFFF","title_typography_typography":"custom","title_typography_font_family":"Inter","title_typography_font_size":{"unit":"px","size":16,"sizes":[]},"title_typography_font_weight":"800","title_typography_line_height":{"unit":"em","size":1.5,"sizes":[]}},"elements":[],"isInner":false,"widgetType":"icon-box","elType":"widget"},{"id":"6e5d1125","settings":{"before_text":"Store Mega SALE<br\/>","highlighted_text":"Up to 50% OFF","rotating_text":"Better\nBigger\nFaster","tag":"h1","_margin":{"unit":"px","top":"0","right":"0","bottom":"-13","left":"0","isLinked":false},"__globals__":{"marker_color":"","words_color":"","title_color":""},"alignment_mobile":"center","title_typography_typography":"custom","title_typography_font_size":{"unit":"px","size":50,"sizes":[]},"marker_color":"#05B895","title_color":"#FFFFFF","words_color":"#05B895","words_typography_typography":"custom","words_typography_font_family":"Inter","words_typography_font_weight":"700","title_typography_font_weight":"700","title_typography_font_family":"Inter","title_typography_font_size_tablet":{"unit":"px","size":50,"sizes":[]},"title_typography_font_size_mobile":{"unit":"px","size":28,"sizes":[]},"title_typography_line_height":{"unit":"em","size":1.2,"sizes":[]},"stroke_width":{"unit":"px","size":4,"sizes":[]}},"elements":[],"isInner":false,"widgetType":"animated-headline","elType":"widget"},{"id":"181f7092","settings":{"text":"Start Now","align_mobile":"center","_element_width":"auto","button_text_color":"#FFFFFF","background_color":"#05B895","button_background_hover_color":"#00A585","__globals__":{"background_color":"","button_background_hover_color":"","typography_typography":""},"typography_typography":"custom","typography_font_family":"Inter","typography_font_size":{"unit":"px","size":16,"sizes":[]},"typography_font_weight":"600","typography_line_height":{"unit":"em","size":1.5,"sizes":[]},"_margin":{"unit":"px","top":"0","right":"0","bottom":"0","left":"0","isLinked":false}},"elements":[],"isInner":false,"widgetType":"button","elType":"widget"}],"isInner":false,"elType":"column"}],"isInner":false,"elType":"section"},{"id":"67e5305f","settings":{"gap":"wider","structure":"30","padding":{"unit":"px","top":"48","right":"0","bottom":"48","left":"0","isLinked":false},"reverse_order_tablet":"reverse-tablet","reverse_order_mobile":"reverse-mobile"},"elements":[{"id":"69b68c3a","settings":{"_column_size":33,"_inline_size":27.403,"color_link":"#00A585","_inline_size_tablet":100,"custom_css":"selector .elementor-icon-box-title a {\n    color:#222!important;\n}"},"elements":[{"id":"25623290","settings":{"title":"Filter By Price","header_size":"h5","title_color":"#222222","typography_typography":"custom","typography_font_family":"Inter","typography_font_size":{"unit":"px","size":20,"sizes":[]},"typography_font_weight":"600","typography_line_height":{"unit":"em","size":1.5,"sizes":[]},"_margin":{"unit":"px","top":"0","right":"0","bottom":"0","left":"0","isLinked":false}},"elements":[],"isInner":false,"widgetType":"heading","elType":"widget"},{"id":"414d3586","settings":{"wp":{"title":""},"custom_css":".woocommerce .widget_price_filter .ui-slider .ui-slider-handle,\n.woocommerce .widget_price_filter .ui-slider-horizontal .ui-slider-range {\n    background-color: #05B895;\n}\n.woocommerce .widget_price_filter .ui-slider-horizontal {\n    height:2px;\n}\n.woocommerce .widget_price_filter .ui-slider .ui-slider-handle {\n    width:12px;\n    height:12px;\n}"},"elements":[],"isInner":false,"widgetType":"wp-widget-woocommerce_price_filter","elType":"widget"},{"id":"606eefda","settings":{"gap":"wider","height_inner":"min-height","custom_height_inner":{"unit":"px","size":115,"sizes":[]},"background_background":"classic","background_image":{"id":444,"url":"https:\/\/demo.dwtutorial.com\/xtronic\/wp-content\/uploads\/sites\/3\/2021\/10\/photo-1592839719941-8e2651039d01.jpeg","alt":"","source":"library"},"background_position":"center center","background_xpos":{"unit":"px","size":282,"sizes":[]},"background_ypos":{"unit":"%","size":100,"sizes":[]},"background_repeat":"no-repeat","background_size":"cover","background_hover_background":"classic","background_hover_image":{"url":"","id":"","alt":"","source":"library"},"background_hover_position":"initial","background_hover_xpos":{"unit":"px","size":272,"sizes":[]},"background_hover_ypos":{"unit":"%","size":100,"sizes":[]},"background_hover_size":"contain","background_hover_transition":{"unit":"px","size":1,"sizes":[]},"margin":{"unit":"px","top":"0","right":0,"bottom":"16","left":0,"isLinked":false},"__globals__":{"background_color":"","background_overlay_color":"globals\/colors?id=07414c8","background_overlay_color_b":"globals\/colors?id=a047deb"},"background_position_mobile":"initial","margin_tablet":{"unit":"px","top":"0","right":0,"bottom":"0","left":0,"isLinked":false}},"elements":[{"id":"7a94ff8d","settings":{"_column_size":100,"_inline_size":null,"content_position":"bottom","column_link":{"url":"#","is_external":"","nofollow":"","custom_attributes":""},"space_between_widgets":0,"align":"center","padding":{"unit":"px","top":"30","right":"30","bottom":"0","left":"30","isLinked":false}},"elements":[{"id":"5a20d719","settings":{"selected_icon":{"value":"fas fa-circle","library":"fa-solid"},"title_text":"Gaming","description_text":"","position":"right","title_size":"div","icon_space":{"unit":"px","size":3,"sizes":[]},"icon_size":{"unit":"px","size":6,"sizes":[]},"content_vertical_alignment":"bottom","title_bottom_space":{"unit":"px","size":0,"sizes":[]},"_element_width":"auto","__globals__":{"primary_color":"","title_typography_typography":"","title_color":""},"primary_color":"#05B895","title_color":"#222222","title_typography_typography":"custom","title_typography_font_family":"Inter","title_typography_font_size":{"unit":"px","size":16,"sizes":[]},"title_typography_font_weight":"800","title_typography_line_height":{"unit":"em","size":1,"sizes":[]},"_padding":{"unit":"px","top":"8","right":"16","bottom":"8","left":"16","isLinked":false},"_background_background":"classic","_background_color":"#FFFFFF","link":{"url":"#","is_external":"","nofollow":"","custom_attributes":""}},"elements":[],"isInner":false,"widgetType":"icon-box","elType":"widget"}],"isInner":true,"elType":"column"}],"isInner":true,"elType":"section"},{"id":"7088710d","settings":{"gap":"wider","height_inner":"min-height","custom_height_inner":{"unit":"px","size":115,"sizes":[]},"background_background":"classic","background_image":{"id":441,"url":"https:\/\/demo.dwtutorial.com\/xtronic\/wp-content\/uploads\/sites\/3\/2021\/10\/photo-1545128650-e8394959608b.jpeg","alt":"","source":"library"},"background_position":"center center","background_xpos":{"unit":"px","size":282,"sizes":[]},"background_ypos":{"unit":"%","size":100,"sizes":[]},"background_repeat":"no-repeat","background_size":"cover","background_hover_background":"classic","background_hover_image":{"url":"","id":"","alt":"","source":"library"},"background_hover_position":"initial","background_hover_xpos":{"unit":"px","size":272,"sizes":[]},"background_hover_ypos":{"unit":"%","size":100,"sizes":[]},"background_hover_size":"contain","background_hover_transition":{"unit":"px","size":1,"sizes":[]},"margin":{"unit":"px","top":"0","right":0,"bottom":"16","left":0,"isLinked":false},"__globals__":{"background_color":"","background_overlay_color":"globals\/colors?id=07414c8","background_overlay_color_b":"globals\/colors?id=a047deb"},"background_position_mobile":"initial","margin_tablet":{"unit":"px","top":"0","right":0,"bottom":"0","left":0,"isLinked":false}},"elements":[{"id":"49595289","settings":{"_column_size":100,"_inline_size":null,"content_position":"bottom","column_link":{"url":"#","is_external":"","nofollow":"","custom_attributes":""},"space_between_widgets":0,"align":"center","padding":{"unit":"px","top":"30","right":"30","bottom":"0","left":"30","isLinked":false}},"elements":[{"id":"3b084ecc","settings":{"selected_icon":{"value":"fas fa-circle","library":"fa-solid"},"title_text":"Smart Watches","description_text":"","position":"right","title_size":"div","icon_space":{"unit":"px","size":3,"sizes":[]},"icon_size":{"unit":"px","size":6,"sizes":[]},"content_vertical_alignment":"bottom","title_bottom_space":{"unit":"px","size":0,"sizes":[]},"_element_width":"auto","__globals__":{"primary_color":"","title_typography_typography":"","title_color":""},"primary_color":"#05B895","title_color":"#222222","title_typography_typography":"custom","title_typography_font_family":"Inter","title_typography_font_size":{"unit":"px","size":16,"sizes":[]},"title_typography_font_weight":"800","title_typography_line_height":{"unit":"em","size":1,"sizes":[]},"_padding":{"unit":"px","top":"8","right":"16","bottom":"8","left":"16","isLinked":false},"_background_background":"classic","_background_color":"#FFFFFF","link":{"url":"#","is_external":"","nofollow":"","custom_attributes":""}},"elements":[],"isInner":false,"widgetType":"icon-box","elType":"widget"}],"isInner":true,"elType":"column"}],"isInner":true,"elType":"section"},{"id":"4f21d9dc","settings":{"gap":"wider","height_inner":"min-height","custom_height_inner":{"unit":"px","size":115,"sizes":[]},"background_background":"classic","background_image":{"id":442,"url":"https:\/\/demo.dwtutorial.com\/xtronic\/wp-content\/uploads\/sites\/3\/2021\/10\/photo-1456615913800-c33540eac399-1.jpeg","alt":"","source":"library"},"background_position":"center center","background_xpos":{"unit":"px","size":282,"sizes":[]},"background_ypos":{"unit":"%","size":100,"sizes":[]},"background_repeat":"no-repeat","background_size":"cover","background_hover_background":"classic","background_hover_image":{"url":"","id":"","alt":"","source":"library"},"background_hover_position":"initial","background_hover_xpos":{"unit":"px","size":272,"sizes":[]},"background_hover_ypos":{"unit":"%","size":100,"sizes":[]},"background_hover_size":"contain","background_hover_transition":{"unit":"px","size":1,"sizes":[]},"margin":{"unit":"px","top":"0","right":0,"bottom":"16","left":0,"isLinked":false},"__globals__":{"background_color":"","background_overlay_color":"globals\/colors?id=07414c8","background_overlay_color_b":"globals\/colors?id=a047deb"},"background_position_mobile":"initial","margin_tablet":{"unit":"px","top":"0","right":0,"bottom":"0","left":0,"isLinked":false}},"elements":[{"id":"5d5801c7","settings":{"_column_size":100,"_inline_size":null,"content_position":"bottom","column_link":{"url":"#","is_external":"","nofollow":"","custom_attributes":""},"space_between_widgets":0,"align":"center","padding":{"unit":"px","top":"30","right":"30","bottom":"0","left":"30","isLinked":false}},"elements":[{"id":"1d6adfc8","settings":{"selected_icon":{"value":"fas fa-circle","library":"fa-solid"},"title_text":"AI Drone","description_text":"","position":"right","title_size":"div","icon_space":{"unit":"px","size":3,"sizes":[]},"icon_size":{"unit":"px","size":6,"sizes":[]},"content_vertical_alignment":"bottom","title_bottom_space":{"unit":"px","size":0,"sizes":[]},"_element_width":"auto","__globals__":{"primary_color":"","title_typography_typography":"","title_color":""},"primary_color":"#05B895","title_color":"#222222","title_typography_typography":"custom","title_typography_font_family":"Inter","title_typography_font_size":{"unit":"px","size":16,"sizes":[]},"title_typography_font_weight":"800","title_typography_line_height":{"unit":"em","size":1,"sizes":[]},"_padding":{"unit":"px","top":"8","right":"16","bottom":"8","left":"16","isLinked":false},"_background_background":"classic","_background_color":"#FFFFFF","link":{"url":"#","is_external":"","nofollow":"","custom_attributes":""}},"elements":[],"isInner":false,"widgetType":"icon-box","elType":"widget"}],"isInner":true,"elType":"column"}],"isInner":true,"elType":"section"},{"id":"5f051c19","settings":{"gap":"wider","height_inner":"min-height","custom_height_inner":{"unit":"px","size":115,"sizes":[]},"background_background":"classic","background_image":{"id":443,"url":"https:\/\/demo.dwtutorial.com\/xtronic\/wp-content\/uploads\/sites\/3\/2021\/10\/photo-1526775310031-fc50d81ce518.jpeg","alt":"","source":"library"},"background_position":"center center","background_xpos":{"unit":"px","size":282,"sizes":[]},"background_ypos":{"unit":"%","size":100,"sizes":[]},"background_repeat":"no-repeat","background_size":"cover","background_hover_background":"classic","background_hover_image":{"url":"","id":"","alt":"","source":"library"},"background_hover_position":"initial","background_hover_xpos":{"unit":"px","size":272,"sizes":[]},"background_hover_ypos":{"unit":"%","size":100,"sizes":[]},"background_hover_size":"contain","background_hover_transition":{"unit":"px","size":1,"sizes":[]},"margin":{"unit":"px","top":"0","right":0,"bottom":"16","left":0,"isLinked":false},"__globals__":{"background_color":"","background_overlay_color":"globals\/colors?id=07414c8","background_overlay_color_b":"globals\/colors?id=a047deb"},"background_position_mobile":"initial","margin_tablet":{"unit":"px","top":"0","right":0,"bottom":"0","left":0,"isLinked":false}},"elements":[{"id":"7644ff83","settings":{"_column_size":100,"_inline_size":null,"content_position":"bottom","column_link":{"url":"#","is_external":"","nofollow":"","custom_attributes":""},"space_between_widgets":0,"align":"center","padding":{"unit":"px","top":"30","right":"30","bottom":"0","left":"30","isLinked":false}},"elements":[{"id":"293386ce","settings":{"selected_icon":{"value":"fas fa-circle","library":"fa-solid"},"title_text":"TV Projectors","description_text":"","position":"right","title_size":"div","icon_space":{"unit":"px","size":3,"sizes":[]},"icon_size":{"unit":"px","size":6,"sizes":[]},"content_vertical_alignment":"bottom","title_bottom_space":{"unit":"px","size":0,"sizes":[]},"_element_width":"auto","__globals__":{"primary_color":"","title_typography_typography":"","title_color":""},"primary_color":"#05B895","title_color":"#222222","title_typography_typography":"custom","title_typography_font_family":"Inter","title_typography_font_size":{"unit":"px","size":16,"sizes":[]},"title_typography_font_weight":"800","title_typography_line_height":{"unit":"em","size":1,"sizes":[]},"_padding":{"unit":"px","top":"8","right":"16","bottom":"8","left":"16","isLinked":false},"_background_background":"classic","_background_color":"#FFFFFF","link":{"url":"#","is_external":"","nofollow":"","custom_attributes":""}},"elements":[],"isInner":false,"widgetType":"icon-box","elType":"widget"}],"isInner":true,"elType":"column"}],"isInner":true,"elType":"section"},{"id":"79ba1066","settings":{"title":"Product Categories","header_size":"h5","title_color":"#222222","typography_typography":"custom","typography_font_family":"Inter","typography_font_size":{"unit":"px","size":20,"sizes":[]},"typography_font_weight":"600","typography_line_height":{"unit":"em","size":1.5,"sizes":[]},"_margin":{"unit":"px","top":"24","right":"0","bottom":"0","left":"0","isLinked":false}},"elements":[],"isInner":false,"widgetType":"heading","elType":"widget"},{"id":"15431b02","settings":{"wp":{"title":"","orderby":"name","count":"1","hierarchical":"1","show_children_only":"1","max_depth":""}},"elements":[],"isInner":false,"widgetType":"wp-widget-woocommerce_product_categories","elType":"widget"},{"id":"44f47cbb","settings":{"title":"Filter By Color","header_size":"h5","title_color":"#222222","typography_typography":"custom","typography_font_family":"Inter","typography_font_size":{"unit":"px","size":20,"sizes":[]},"typography_font_weight":"600","typography_line_height":{"unit":"em","size":1.5,"sizes":[]},"_margin":{"unit":"px","top":"24","right":"0","bottom":"0","left":"0","isLinked":false}},"elements":[],"isInner":false,"widgetType":"heading","elType":"widget"},{"id":"73dc17b2","settings":[],"elements":[],"isInner":false,"widgetType":"wp-widget-woocommerce_layered_nav","elType":"widget"},{"id":"e9bbd45","settings":{"_margin":{"unit":"px","top":"24","right":"0","bottom":"0","left":"0","isLinked":false},"custom_css":"selector .search-field {\n    margin-bottom: 16px;\n}\nselector button {\n    width:100%;\n    color:#00A585;\n    border-color:#00A585;\n    font-family: 'inter';\n    font-size: 16px;\n    font-weight: 600;\n\n}\nselector button:hover {\n    background-color: #00A585;\n    color:#fff;\n}"},"elements":[],"isInner":false,"widgetType":"wp-widget-woocommerce_product_search","elType":"widget"}],"isInner":false,"elType":"column"},{"id":"373419ea","settings":{"_column_size":33,"_inline_size":2.018},"elements":[],"isInner":false,"elType":"column"},{"id":"3d86b7c6","settings":{"_column_size":33,"_inline_size":69.911,"_inline_size_tablet":100},"elements":[{"id":"671d5f30","settings":{"column_gap":{"unit":"px","size":24,"sizes":[]},"row_gap":{"unit":"px","size":48,"sizes":[]},"align":"center","title_color":"#222222","title_typography_typography":"custom","title_typography_font_family":"Inter","title_typography_font_size":{"unit":"px","size":16,"sizes":[]},"title_typography_font_weight":"700","title_typography_text_transform":"capitalize","title_typography_font_style":"normal","title_typography_line_height":{"unit":"em","size":1.5,"sizes":[]},"title_spacing":{"unit":"px","size":0,"sizes":[]},"price_color":"#555555","price_typography_typography":"custom","price_typography_font_family":"Inter","price_typography_font_size":{"unit":"px","size":16,"sizes":[]},"price_typography_font_weight":"400","price_typography_font_style":"normal","price_typography_line_height":{"unit":"em","size":1.5,"sizes":[]},"old_price_color":"#4C4C4D","old_price_typography_typography":"custom","old_price_typography_font_family":"Inter","old_price_typography_font_weight":"600","button_text_color":"#05B895","button_background_color":"rgba(2, 1, 1, 0)","button_border_color":"#05B895","button_typography_typography":"custom","button_typography_font_family":"Inter","button_typography_font_size":{"unit":"px","size":15,"sizes":[]},"button_typography_font_weight":"500","button_typography_line_height":{"unit":"em","size":1.5,"sizes":[]},"button_typography_letter_spacing":{"unit":"px","size":0,"sizes":[]},"button_hover_color":"#00A585","button_hover_border_color":"#00A585","button_border_border":"solid","button_border_width":{"unit":"px","top":"0","right":"0","bottom":"1","left":"0","isLinked":false},"button_border_radius":{"unit":"px","top":"0","right":"0","bottom":"0","left":"0","isLinked":true},"button_text_padding":{"unit":"px","top":"0","right":"0","bottom":"0","left":"0","isLinked":false},"button_spacing":{"unit":"px","size":0,"sizes":[]},"view_cart_typography_typography":"custom","view_cart_typography_font_family":"Inter","view_cart_typography_font_weight":"500","pagination_spacing":{"unit":"px","size":64,"sizes":[]},"show_pagination_border":"","pagination_border_color":"rgba(2, 1, 1, 0)","pagination_padding":{"unit":"px","size":12,"sizes":[]},"pagination_link_bg_color_hover":"#F2F6F5","pagination_link_color_active":"#FFFFFF","pagination_link_bg_color_active":"#05B895","onsale_text_background_color":"#54595F","onsale_typography_font_family":"Inter","onsale_typography_font_size":{"unit":"px","size":13,"sizes":[]},"onsale_typography_font_weight":"400","onsale_typography_line_height":{"unit":"em","size":1.5,"sizes":[]},"onsale_width":{"unit":"px","size":48,"sizes":[]},"onsale_height":{"unit":"px","size":48,"sizes":[]},"onsale_distance":{"unit":"px","size":-20,"sizes":[]},"nothing_found_message":"It seems we can't find what you're looking for.","custom_css":"input[type=date], input[type=email], input[type=number], input[type=password], input[type=search], input[type=tel], input[type=text], input[type=url], select, textarea {\n    border-color:#dedede;\n}\n\n.woocommerce .woocommerce-ordering {\n    margin-bottom: 48px\n}","__globals__":{"button_text_color":"","button_hover_color":"","button_hover_border_color":"","button_border_color":"","title_typography_typography":"","price_typography_typography":"","price_color":"","button_typography_typography":"","onsale_typography_typography":"","onsale_text_background_color":"globals\/colors?id=secondary","pagination_link_bg_color_active":"","pagination_link_bg_color_hover":"","title_color":"","star_color":""},"star_color":"#00A585","pagination_link_color":"#05B895"},"elements":[],"isInner":false,"widgetType":"wc-archive-products","elType":"widget"}],"isInner":false,"elType":"column"}],"isInner":false,"elType":"section"},{"id":"730c9be6","settings":{"gap":"extended","structure":"30","padding":{"unit":"px","top":"0","right":"0","bottom":"0","left":"0","isLinked":false},"z_index":20,"padding_tablet":{"unit":"px","top":"48","right":"0","bottom":"0","left":"0","isLinked":false},"content_width":{"unit":"px","size":1114,"sizes":[]}},"elements":[{"id":"62a42da0","settings":{"_column_size":33,"_inline_size":null,"padding_mobile":{"unit":"px","top":"30","right":"30","bottom":"0","left":"30","isLinked":false},"_inline_size_tablet":50},"elements":[{"id":"3760d2bc","settings":{"gap":"wider","height_inner":"min-height","custom_height_inner":{"unit":"px","size":256,"sizes":[]},"background_background":"classic","background_image":{"id":408,"url":"https:\/\/demo.dwtutorial.com\/xtronic\/wp-content\/uploads\/sites\/3\/2021\/10\/hector-martinez-EG49vTtKdvI-unsplash_2.jpg","alt":"","source":"library"},"background_position":"center center","background_xpos":{"unit":"px","size":282,"sizes":[]},"background_ypos":{"unit":"%","size":100,"sizes":[]},"background_repeat":"no-repeat","background_size":"cover","background_hover_background":"classic","background_hover_image":{"url":"","id":"","alt":"","source":"library"},"background_hover_position":"initial","background_hover_xpos":{"unit":"px","size":272,"sizes":[]},"background_hover_ypos":{"unit":"%","size":100,"sizes":[]},"background_hover_size":"contain","background_hover_transition":{"unit":"px","size":1,"sizes":[]},"margin":{"unit":"px","top":"0","right":0,"bottom":"30","left":0,"isLinked":false},"__globals__":{"background_color":"","background_overlay_color":"","background_overlay_color_b":""},"background_overlay_background":"gradient","background_overlay_color_stop":{"unit":"%","size":46,"sizes":[]},"background_overlay_color_b_stop":{"unit":"%","size":74,"sizes":[]},"background_overlay_opacity":{"unit":"px","size":0.43,"sizes":[]},"background_overlay_color":"#00000000","background_overlay_color_b":"#000000","margin_tablet":{"unit":"px","top":"0","right":0,"bottom":"0","left":0,"isLinked":false}},"elements":[{"id":"bf3f114","settings":{"_column_size":100,"_inline_size":null,"content_position":"bottom","column_link":{"url":"#","is_external":"","nofollow":"","custom_attributes":""},"margin_tablet":{"unit":"px","top":"0","right":"0","bottom":"0","left":"0","isLinked":false},"space_between_widgets":0},"elements":[{"id":"3a2a292b","settings":{"selected_icon":{"value":"fas fa-circle","library":"fa-solid"},"title_text":"Best Seller","description_text":"","position":"right","title_size":"div","icon_space":{"unit":"px","size":3,"sizes":[]},"icon_size":{"unit":"px","size":6,"sizes":[]},"content_vertical_alignment":"middle","title_bottom_space":{"unit":"px","size":10,"sizes":[]},"_element_width":"auto","__globals__":{"primary_color":"","title_typography_typography":"globals\/typography?id=text","title_color":""},"_margin":{"unit":"px","top":"0","right":"0","bottom":"0","left":"0","isLinked":false},"primary_color":"#05B895","title_color":"#FFFFFF","title_typography_typography":"custom","title_typography_font_family":"Inter","title_typography_font_size":{"unit":"px","size":16,"sizes":[]},"title_typography_font_weight":"800","title_typography_line_height":{"unit":"em","size":1.5,"sizes":[]}},"elements":[],"isInner":false,"widgetType":"icon-box","elType":"widget"},{"id":"5bbde806","settings":{"title":"Pro Action Camera","header_size":"h3","_element_custom_width":{"unit":"px","size":93,"sizes":[]},"__globals__":{"title_color":""},"title_color":"#FFFFFF","link":{"url":"#","is_external":"","nofollow":"","custom_attributes":""},"typography_typography":"custom","typography_font_family":"Inter","typography_font_weight":"700","typography_line_height":{"unit":"px","size":36,"sizes":[]}},"elements":[],"isInner":false,"widgetType":"heading","elType":"widget"},{"id":"60a13e59","settings":{"text":"Divider","gap":{"unit":"px","size":0,"sizes":[]},"__globals__":{"color":""},"color":"#02010100","_margin":{"unit":"px","top":"0","right":"0","bottom":"0","left":"0","isLinked":false}},"elements":[],"isInner":false,"widgetType":"divider","elType":"widget"},{"id":"2dda0b57","settings":{"selected_icon":{"value":"fas fa-chevron-right","library":"fa-solid"},"title_text":"Shop Now","description_text":"","position":"right","title_size":"span","icon_space":{"unit":"px","size":8,"sizes":[]},"icon_size":{"unit":"px","size":14,"sizes":[]},"content_vertical_alignment":"middle","_element_width":"auto","__globals__":{"primary_color":"","title_color":"","title_typography_typography":""},"primary_color":"#05B895","title_color":"#05B895","title_typography_typography":"custom","title_typography_font_family":"Inter","title_typography_font_size":{"unit":"px","size":16,"sizes":[]},"title_typography_font_weight":"500","title_typography_line_height":{"unit":"em","size":1.5,"sizes":[]},"link":{"url":"#","is_external":"","nofollow":"","custom_attributes":""}},"elements":[],"isInner":false,"widgetType":"icon-box","elType":"widget"}],"isInner":true,"elType":"column"}],"isInner":true,"elType":"section"}],"isInner":false,"elType":"column"},{"id":"80e6bad","settings":{"_column_size":33,"_inline_size":null,"padding_mobile":{"unit":"px","top":"30","right":"30","bottom":"0","left":"30","isLinked":false},"_inline_size_tablet":50},"elements":[{"id":"29c0ec5c","settings":{"gap":"wider","height_inner":"min-height","custom_height_inner":{"unit":"px","size":256,"sizes":[]},"background_background":"classic","background_image":{"id":405,"url":"https:\/\/demo.dwtutorial.com\/xtronic\/wp-content\/uploads\/sites\/3\/2021\/10\/photo-1622979135225-d2ba269cf1ac.jpeg","alt":"","source":"library"},"background_position":"center center","background_xpos":{"unit":"px","size":282,"sizes":[]},"background_ypos":{"unit":"%","size":100,"sizes":[]},"background_repeat":"no-repeat","background_size":"cover","background_hover_background":"classic","background_hover_image":{"url":"","id":"","alt":"","source":"library"},"background_hover_position":"initial","background_hover_xpos":{"unit":"px","size":272,"sizes":[]},"background_hover_ypos":{"unit":"%","size":100,"sizes":[]},"background_hover_size":"contain","background_hover_transition":{"unit":"px","size":1,"sizes":[]},"margin":{"unit":"px","top":"0","right":0,"bottom":"30","left":0,"isLinked":false},"__globals__":{"background_color":"","background_overlay_color":"globals\/colors?id=07414c8","background_overlay_color_b":"globals\/colors?id=a047deb"},"background_position_mobile":"initial","margin_tablet":{"unit":"px","top":"0","right":0,"bottom":"0","left":0,"isLinked":false}},"elements":[{"id":"252c2dcb","settings":{"_column_size":100,"_inline_size":null,"content_position":"bottom","column_link":{"url":"#","is_external":"","nofollow":"","custom_attributes":""},"space_between_widgets":0},"elements":[{"id":"48ec79d5","settings":{"selected_icon":{"value":"fas fa-circle","library":"fa-solid"},"title_text":"Pro Gamers","description_text":"","position":"right","title_size":"div","icon_space":{"unit":"px","size":3,"sizes":[]},"icon_size":{"unit":"px","size":6,"sizes":[]},"content_vertical_alignment":"middle","title_bottom_space":{"unit":"px","size":10,"sizes":[]},"_element_width":"auto","__globals__":{"primary_color":"","title_typography_typography":"","title_color":""},"_margin":{"unit":"px","top":"0","right":"0","bottom":"0","left":"0","isLinked":false},"primary_color":"#05B895","title_color":"#282828","title_typography_typography":"custom","title_typography_font_family":"Inter","title_typography_font_size":{"unit":"px","size":16,"sizes":[]},"title_typography_font_weight":"800","title_typography_line_height":{"unit":"em","size":1.5,"sizes":[]}},"elements":[],"isInner":false,"widgetType":"icon-box","elType":"widget"},{"id":"11b57fdf","settings":{"text":"Divider","color":"#00000000","gap":{"unit":"px","size":0,"sizes":[]}},"elements":[],"isInner":false,"widgetType":"divider","elType":"widget"},{"id":"300a6427","settings":{"title":"Sollicitudin Euismod Risus","header_size":"h3","_element_custom_width":{"unit":"px","size":227,"sizes":[]},"__globals__":{"title_color":""},"title_color":"#333333","link":{"url":"#","is_external":"","nofollow":"","custom_attributes":""},"typography_typography":"custom","typography_font_family":"Inter","typography_font_weight":"700","typography_font_size":{"unit":"px","size":28,"sizes":[]},"typography_line_height":{"unit":"px","size":36,"sizes":[]},"_element_width":"initial"},"elements":[],"isInner":false,"widgetType":"heading","elType":"widget"},{"id":"4005eeab","settings":{"text":"Divider","gap":{"unit":"px","size":0,"sizes":[]},"__globals__":{"color":""},"color":"#02010100"},"elements":[],"isInner":false,"widgetType":"divider","elType":"widget"},{"id":"52c1f95c","settings":{"selected_icon":{"value":"fas fa-chevron-right","library":"fa-solid"},"title_text":"Shop Now","description_text":"","position":"right","title_size":"span","icon_space":{"unit":"px","size":8,"sizes":[]},"icon_size":{"unit":"px","size":14,"sizes":[]},"content_vertical_alignment":"middle","_element_width":"auto","__globals__":{"primary_color":"","title_color":"","title_typography_typography":""},"primary_color":"#282828","title_color":"#282828","title_typography_typography":"custom","title_typography_font_family":"Inter","title_typography_font_size":{"unit":"px","size":16,"sizes":[]},"title_typography_font_weight":"500","title_typography_line_height":{"unit":"em","size":1.5,"sizes":[]},"link":{"url":"#","is_external":"","nofollow":"","custom_attributes":""}},"elements":[],"isInner":false,"widgetType":"icon-box","elType":"widget"}],"isInner":true,"elType":"column"}],"isInner":true,"elType":"section"}],"isInner":false,"elType":"column"},{"id":"630e7c0a","settings":{"_column_size":33,"_inline_size":null,"padding_mobile":{"unit":"px","top":"30","right":"30","bottom":"0","left":"30","isLinked":false},"_inline_size_tablet":100},"elements":[{"id":"4f16d28d","settings":{"gap":"wider","height_inner":"min-height","custom_height_inner":{"unit":"px","size":256,"sizes":[]},"background_background":"classic","background_image":{"id":436,"url":"https:\/\/demo.dwtutorial.com\/xtronic\/wp-content\/uploads\/sites\/3\/2021\/10\/photo-1468436139062-f60a71c5c892.jpeg","alt":"","source":"library"},"background_position":"center center","background_xpos":{"unit":"px","size":282,"sizes":[]},"background_ypos":{"unit":"%","size":100,"sizes":[]},"background_repeat":"no-repeat","background_size":"cover","background_hover_background":"classic","background_hover_image":{"url":"","id":"","alt":"","source":"library"},"background_hover_position":"initial","background_hover_xpos":{"unit":"px","size":272,"sizes":[]},"background_hover_ypos":{"unit":"%","size":100,"sizes":[]},"background_hover_size":"contain","background_hover_transition":{"unit":"px","size":1,"sizes":[]},"margin":{"unit":"px","top":"0","right":0,"bottom":"30","left":0,"isLinked":false},"__globals__":{"background_color":"","background_overlay_color":"globals\/colors?id=07414c8","background_overlay_color_b":"globals\/colors?id=a047deb"},"background_overlay_background":"gradient","margin_tablet":{"unit":"px","top":"0","right":0,"bottom":"0","left":0,"isLinked":false}},"elements":[{"id":"5c3d58de","settings":{"_column_size":100,"_inline_size":null,"content_position":"bottom","column_link":{"url":"#","is_external":"","nofollow":"","custom_attributes":""},"space_between_widgets":0},"elements":[{"id":"21124c41","settings":{"selected_icon":{"value":"fas fa-circle","library":"fa-solid"},"title_text":"Apple Macbook","description_text":"","position":"right","title_size":"div","icon_space":{"unit":"px","size":3,"sizes":[]},"icon_size":{"unit":"px","size":6,"sizes":[]},"content_vertical_alignment":"middle","title_bottom_space":{"unit":"px","size":10,"sizes":[]},"_element_width":"auto","__globals__":{"primary_color":"","title_typography_typography":"globals\/typography?id=text","title_color":""},"_margin":{"unit":"px","top":"0","right":"0","bottom":"0","left":"0","isLinked":false},"primary_color":"#05B895","title_color":"#FFFFFF","title_typography_typography":"custom","title_typography_font_family":"Inter","title_typography_font_size":{"unit":"px","size":16,"sizes":[]},"title_typography_font_weight":"800","title_typography_line_height":{"unit":"em","size":1.5,"sizes":[]}},"elements":[],"isInner":false,"widgetType":"icon-box","elType":"widget"},{"id":"664fe671","settings":{"title":"Vulputate Ligula Sit","header_size":"h3","__globals__":{"title_color":""},"title_color":"#FFFFFF","_element_custom_width":{"unit":"px","size":93,"sizes":[]},"link":{"url":"#","is_external":"","nofollow":"","custom_attributes":""},"typography_typography":"custom","typography_font_family":"Inter","typography_font_weight":"700","typography_line_height":{"unit":"px","size":36,"sizes":[]}},"elements":[],"isInner":false,"widgetType":"heading","elType":"widget"},{"id":"6dea81e6","settings":{"text":"Divider","gap":{"unit":"px","size":0,"sizes":[]},"__globals__":{"color":""},"color":"#02010100"},"elements":[],"isInner":false,"widgetType":"divider","elType":"widget"},{"id":"39c2f253","settings":{"selected_icon":{"value":"fas fa-chevron-right","library":"fa-solid"},"title_text":"Shop Now","description_text":"","position":"right","title_size":"span","icon_space":{"unit":"px","size":8,"sizes":[]},"icon_size":{"unit":"px","size":14,"sizes":[]},"content_vertical_alignment":"middle","_element_width":"auto","__globals__":{"primary_color":"","title_color":"","title_typography_typography":""},"primary_color":"#05B895","title_color":"#05B895","title_typography_typography":"custom","title_typography_font_family":"Inter","title_typography_font_size":{"unit":"px","size":16,"sizes":[]},"title_typography_font_weight":"500","title_typography_line_height":{"unit":"em","size":1.5,"sizes":[]},"link":{"url":"#","is_external":"","nofollow":"","custom_attributes":""}},"elements":[],"isInner":false,"widgetType":"icon-box","elType":"widget"}],"isInner":true,"elType":"column"}],"isInner":true,"elType":"section"}],"isInner":false,"elType":"column"}],"isInner":false,"elType":"section"}],"page_settings":[],"version":"0.4","title":"Shop 3","type":"product-archive"}